ObservationId,UnitId,ZoneId,CategoryId,Date,Time,Observation,Recommendation,Remarks,RiskRating,StatusId,is_highlight,Image
OBS-0001,2,4,1,2024-11-18,09:14,Worker observed without safety helmet in designated hard hat area,Issue corrective notice. Re-train personnel on mandatory PPE requirements for this zone.,Logged during scheduled safety walk,Medium,4,0,IMG_0001.jpg
OBS-0002,8,18,2,2025-04-29,12:02,Oil spill on walkway not cleaned within acceptable timeframe,Immediate cleanup required. Review and tighten housekeeping inspection schedule.,Logged during scheduled safety walk,Low,2,0,IMG_0002.jpg
OBS-0003,4,8,9,2025-05-05,06:35,Stack emission visibly abnormal — not reported to control room,Contain and isolate. Initiate environmental incident protocol and report to HSE officer.,Logged during scheduled safety walk,High,1,1,IMG_0003.jpg
OBS-0004,7,14,4,2025-02-15,15:17,Pressure relief valve past scheduled inspection date,Raise work order for immediate inspection. Take equipment out of service if required.,Logged during scheduled safety walk,High,3,0,IMG_0004.jpg
OBS-0005,7,14,6,2024-11-20,08:13,Scaffolding toe board missing on third level platform,Issue stop-work order. Provide and verify proper fall protection before resuming at height.,Reported by shift supervisor,Medium,2,0,IMG_0005.jpg
OBS-0006,2,4,2,2025-01-11,07:22,Oil spill on walkway not cleaned within acceptable timeframe,Immediate cleanup required. Review and tighten housekeeping inspection schedule.,Logged during scheduled safety walk,Critical,4,0,IMG_0006.jpg
OBS-0007,7,15,9,2024-09-02,12:05,Stack emission visibly abnormal — not reported to control room,Contain and isolate. Initiate environmental incident protocol and report to HSE officer.,Logged during scheduled safety walk,Low,2,0,IMG_0007.jpg
OBS-0008,6,12,10,2024-10-07,17:04,First aid kit contents found expired during routine check,Update all emergency materials. Schedule emergency preparedness drill within 30 days.,Logged during scheduled safety walk,High,1,1,IMG_0008.jpg
OBS-0009,2,3,4,2024-08-21,12:17,Corroded bolts observed on critical flange joint,Raise work order for immediate inspection. Take equipment out of service if required.,Logged during scheduled safety walk,Medium,2,0,IMG_0009.jpg
OBS-0010,3,6,6,2024-12-29,09:42,Ladder used beyond rated height without secondary anchor point,Issue stop-work order. Provide and verify proper fall protection before resuming at height.,Logged during scheduled safety walk,Medium,2,0,IMG_0010.jpg
OBS-0011,2,3,10,2025-05-22,08:34,Emergency assembly point signage obscured by stored materials,Update all emergency materials. Schedule emergency preparedness drill within 30 days.,Reported by shift supervisor,Medium,1,0,IMG_0011.jpg
OBS-0012,7,15,7,2024-11-16,16:44,Improper disposal of chemical waste observed near drain,Label and segregate immediately. Conduct chemical inventory audit for this zone.,Logged during scheduled safety walk,Medium,2,0,IMG_0012.jpg
OBS-0013,5,11,1,2024-10-26,06:51,PPE not worn correctly — safety glasses missing at point of operation,Issue corrective notice. Re-train personnel on mandatory PPE requirements for this zone.,Logged during scheduled safety walk,Medium,3,0,IMG_0013.jpg
OBS-0014,2,3,4,2025-04-17,17:20,Pump coupling guard missing during active equipment operation,Raise work order for immediate inspection. Take equipment out of service if required.,Logged during scheduled safety walk,High,2,1,IMG_0014.jpg
OBS-0015,7,15,3,2024-11-13,08:15,Electrical panel door left open and unattended in live area,Isolate circuit immediately. No re-energization until inspected and cleared by qualified electrician.,Reported by shift supervisor,Medium,1,0,IMG_0015.jpg
OBS-0016,4,9,10,2025-02-05,15:25,Emergency assembly point signage obscured by stored materials,Update all emergency materials. Schedule emergency preparedness drill within 30 days.,Logged during scheduled safety walk,Medium,2,0,IMG_0016.jpg
OBS-0017,8,17,8,2024-08-16,18:03,Safety interlock bypassed without management of change approval,Restore interlock to operational state. Initiate full management of change process.,Logged during scheduled safety walk,High,4,0,IMG_0017.jpg
OBS-0018,7,14,10,2024-08-02,12:24,First aid kit contents found expired during routine check,Update all emergency materials. Schedule emergency preparedness drill within 30 days.,Logged during scheduled safety walk,Low,3,0,IMG_0018.jpg
OBS-0019,8,17,5,2025-04-10,06:43,Hot work permit expired before task completion,Clear obstruction immediately. Conduct full fire safety compliance walk of the unit.,Reported by shift supervisor,Medium,1,0,IMG_0019.jpg
OBS-0020,8,18,5,2025-05-25,11:07,Fire extinguisher obstructed — not accessible within 5 seconds,Clear obstruction immediately. Conduct full fire safety compliance walk of the unit.,Logged during scheduled safety walk,Medium,2,0,IMG_0020.jpg
OBS-0021,7,15,1,2024-11-12,14:48,No high-visibility vest during vehicle movement area crossing,Issue corrective notice. Re-train personnel on mandatory PPE requirements for this zone.,Reported by shift supervisor,High,2,1,IMG_0021.jpg
OBS-0022,5,10,9,2025-05-08,09:09,Stack emission visibly abnormal — not reported to control room,Contain and isolate. Initiate environmental incident protocol and report to HSE officer.,Logged during scheduled safety walk,Critical,4,1,IMG_0022.jpg
OBS-0023,1,1,10,2024-12-13,13:01,First aid kit contents found expired during routine check,Update all emergency materials. Schedule emergency preparedness drill within 30 days.,Logged during scheduled safety walk,Medium,2,0,IMG_0023.jpg
OBS-0024,5,10,4,2024-07-30,09:56,Pressure relief valve past scheduled inspection date,Raise work order for immediate inspection. Take equipment out of service if required.,Logged during scheduled safety walk,Medium,2,0,IMG_0024.jpg
OBS-0025,2,3,8,2024-08-05,18:34,Safety interlock bypassed without management of change approval,Restore interlock to operational state. Initiate full management of change process.,Reported by shift supervisor,Medium,2,0,IMG_0025.jpg
OBS-0026,7,16,9,2024-09-23,10:33,Solid waste disposed in non-designated area near bund,Contain and isolate. Initiate environmental incident protocol and report to HSE officer.,Reported by shift supervisor,Low,3,0,IMG_0026.jpg
OBS-0027,3,7,9,2025-06-19,09:45,Stack emission visibly abnormal — not reported to control room,Contain and isolate. Initiate environmental incident protocol and report to HSE officer.,Logged during scheduled safety walk,Low,3,0,IMG_0027.jpg
OBS-0028,6,12,8,2025-03-22,13:07,Safety interlock bypassed without management of change approval,Restore interlock to operational state. Initiate full management of change process.,Logged during scheduled safety walk,Medium,4,0,IMG_0028.jpg
OBS-0029,5,11,1,2025-04-28,14:14,No high-visibility vest during vehicle movement area crossing,Issue corrective notice. Re-train personnel on mandatory PPE requirements for this zone.,Logged during scheduled safety walk,High,1,1,IMG_0029.jpg
OBS-0030,1,2,4,2024-08-04,06:55,Corroded bolts observed on critical flange joint,Raise work order for immediate inspection. Take equipment out of service if required.,Logged during scheduled safety walk,Critical,2,1,IMG_0030.jpg
OBS-0031,7,16,4,2025-04-03,08:46,Pump coupling guard missing during active equipment operation,Raise work order for immediate inspection. Take equipment out of service if required.,Reported by shift supervisor,Medium,2,0,IMG_0031.jpg
OBS-0032,8,19,8,2024-11-02,18:30,Safety interlock bypassed without management of change approval,Restore interlock to operational state. Initiate full management of change process.,Reported by shift supervisor,Low,2,0,IMG_0032.jpg
OBS-0033,2,4,2,2025-06-03,12:22,Waste accumulated near emergency exit — blocking egress route,Immediate cleanup required. Review and tighten housekeeping inspection schedule.,Logged during scheduled safety walk,Medium,2,0,IMG_0033.jpg
OBS-0034,1,2,2,2024-08-01,12:46,Oil spill on walkway not cleaned within acceptable timeframe,Immediate cleanup required. Review and tighten housekeeping inspection schedule.,Reported by shift supervisor,High,3,1,IMG_0034.jpg
OBS-0035,3,7,4,2025-04-01,13:08,Pressure relief valve past scheduled inspection date,Raise work order for immediate inspection. Take equipment out of service if required.,Logged during scheduled safety walk,High,4,1,IMG_0035.jpg
OBS-0036,2,3,8,2025-04-08,07:03,Process deviation not logged within required timeframe,Restore interlock to operational state. Initiate full management of change process.,Logged during scheduled safety walk,Low,2,0,IMG_0036.jpg
OBS-0037,1,1,2,2024-10-30,08:26,Waste accumulated near emergency exit — blocking egress route,Immediate cleanup required. Review and tighten housekeeping inspection schedule.,Logged during scheduled safety walk,Critical,3,1,IMG_0037.jpg
OBS-0038,1,2,3,2025-01-11,06:24,Temporary cable crossing walkway without appropriate protection,Isolate circuit immediately. No re-energization until inspected and cleared by qualified electrician.,Logged during scheduled safety walk,Low,2,0,IMG_0038.jpg
OBS-0039,5,10,7,2025-06-22,17:50,Improper disposal of chemical waste observed near drain,Label and segregate immediately. Conduct chemical inventory audit for this zone.,Logged during scheduled safety walk,Low,1,0,IMG_0039.jpg
OBS-0040,7,16,3,2024-10-06,10:13,Electrical panel door left open and unattended in live area,Isolate circuit immediately. No re-energization until inspected and cleared by qualified electrician.,Reported by shift supervisor,Medium,1,0,IMG_0040.jpg
OBS-0041,8,18,1,2024-12-08,06:03,No high-visibility vest during vehicle movement area crossing,Issue corrective notice. Re-train personnel on mandatory PPE requirements for this zone.,Logged during scheduled safety walk,Low,2,0,IMG_0041.jpg
OBS-0042,8,17,3,2024-07-30,14:05,Exposed wiring on junction box — protective covers missing,Isolate circuit immediately. No re-energization until inspected and cleared by qualified electrician.,Reported by shift supervisor,Medium,1,0,IMG_0042.jpg
OBS-0043,2,3,4,2025-01-23,07:56,Pump coupling guard missing during active equipment operation,Raise work order for immediate inspection. Take equipment out of service if required.,Logged during scheduled safety walk,Medium,2,0,IMG_0043.jpg
OBS-0044,1,2,10,2024-08-11,12:42,Emergency contact list outdated on safety notice board,Update all emergency materials. Schedule emergency preparedness drill within 30 days.,Logged during scheduled safety walk,Low,2,0,IMG_0044.jpg
OBS-0045,5,11,5,2024-10-13,16:45,Smoke detector coverage gap identified in storage room,Clear obstruction immediately. Conduct full fire safety compliance walk of the unit.,Logged during scheduled safety walk,Low,2,0,IMG_0045.jpg
OBS-0046,6,13,3,2025-06-09,16:19,Exposed wiring on junction box — protective covers missing,Isolate circuit immediately. No re-energization until inspected and cleared by qualified electrician.,Reported by shift supervisor,High,3,1,IMG_0046.jpg
OBS-0047,1,1,8,2025-05-15,15:06,Safety interlock bypassed without management of change approval,Restore interlock to operational state. Initiate full management of change process.,Logged during scheduled safety walk,Low,2,0,IMG_0047.jpg
OBS-0048,8,17,5,2024-09-06,11:56,Fire extinguisher obstructed — not accessible within 5 seconds,Clear obstruction immediately. Conduct full fire safety compliance walk of the unit.,Logged during scheduled safety walk,Low,2,0,IMG_0048.jpg
OBS-0049,6,12,5,2024-09-19,13:53,Smoke detector coverage gap identified in storage room,Clear obstruction immediately. Conduct full fire safety compliance walk of the unit.,Logged during scheduled safety walk,Medium,2,0,IMG_0049.jpg
OBS-0050,8,17,1,2025-06-07,14:19,Worker observed without safety helmet in designated hard hat area,Issue corrective notice. Re-train personnel on mandatory PPE requirements for this zone.,Logged during scheduled safety walk,Critical,1,0,IMG_0050.jpg
OBS-0051,4,9,2,2024-08-24,17:35,Oil spill on walkway not cleaned within acceptable timeframe,Immediate cleanup required. Review and tighten housekeeping inspection schedule.,Logged during scheduled safety walk,Critical,2,1,IMG_0051.jpg
OBS-0052,5,11,4,2025-06-17,16:54,Corroded bolts observed on critical flange joint,Raise work order for immediate inspection. Take equipment out of service if required.,Logged during scheduled safety walk,Medium,2,0,IMG_0052.jpg
OBS-0053,4,9,1,2024-08-17,16:27,Worker observed without safety helmet in designated hard hat area,Issue corrective notice. Re-train personnel on mandatory PPE requirements for this zone.,Reported by shift supervisor,Low,2,0,IMG_0053.jpg
OBS-0054,1,1,6,2024-09-05,16:16,Scaffolding toe board missing on third level platform,Issue stop-work order. Provide and verify proper fall protection before resuming at height.,Logged during scheduled safety walk,Medium,3,0,IMG_0054.jpg
OBS-0055,8,18,7,2025-04-14,06:07,Chemical container unlabeled in secondary storage area,Label and segregate immediately. Conduct chemical inventory audit for this zone.,Reported by shift supervisor,High,1,1,IMG_0055.jpg
OBS-0056,8,18,1,2025-01-06,15:35,Worker observed without safety helmet in designated hard hat area,Issue corrective notice. Re-train personnel on mandatory PPE requirements for this zone.,Logged during scheduled safety walk,Medium,2,0,IMG_0056.jpg
OBS-0057,1,2,5,2025-01-03,18:55,Smoke detector coverage gap identified in storage room,Clear obstruction immediately. Conduct full fire safety compliance walk of the unit.,Logged during scheduled safety walk,Low,3,0,IMG_0057.jpg
OBS-0058,3,7,4,2025-06-07,07:22,Corroded bolts observed on critical flange joint,Raise work order for immediate inspection. Take equipment out of service if required.,Reported by shift supervisor,Medium,3,0,IMG_0058.jpg
OBS-0059,2,5,4,2024-09-22,18:51,Corroded bolts observed on critical flange joint,Raise work order for immediate inspection. Take equipment out of service if required.,Logged during scheduled safety walk,Low,2,0,IMG_0059.jpg
OBS-0060,1,1,3,2024-12-18,18:59,Electrical panel door left open and unattended in live area,Isolate circuit immediately. No re-energization until inspected and cleared by qualified electrician.,Logged during scheduled safety walk,Low,2,0,IMG_0060.jpg
OBS-0061,4,8,5,2024-09-20,18:44,Fire extinguisher obstructed — not accessible within 5 seconds,Clear obstruction immediately. Conduct full fire safety compliance walk of the unit.,Logged during scheduled safety walk,Low,3,0,IMG_0061.jpg
OBS-0062,7,16,4,2024-10-11,13:22,Pressure relief valve past scheduled inspection date,Raise work order for immediate inspection. Take equipment out of service if required.,Logged during scheduled safety walk,Medium,1,0,IMG_0062.jpg
OBS-0063,4,8,1,2025-06-03,09:25,PPE not worn correctly — safety glasses missing at point of operation,Issue corrective notice. Re-train personnel on mandatory PPE requirements for this zone.,Reported by shift supervisor,High,2,1,IMG_0063.jpg
OBS-0064,6,12,9,2025-01-21,16:53,Minor hydrocarbon sheen observed near stormwater drain,Contain and isolate. Initiate environmental incident protocol and report to HSE officer.,Logged during scheduled safety walk,Low,3,0,IMG_0064.jpg
OBS-0065,2,4,5,2024-09-30,15:16,Smoke detector coverage gap identified in storage room,Clear obstruction immediately. Conduct full fire safety compliance walk of the unit.,Logged during scheduled safety walk,Critical,2,1,IMG_0065.jpg
OBS-0066,5,11,7,2025-05-07,14:07,Improper disposal of chemical waste observed near drain,Label and segregate immediately. Conduct chemical inventory audit for this zone.,Logged during scheduled safety walk,Medium,2,0,IMG_0066.jpg
OBS-0067,3,7,5,2024-07-23,17:27,Hot work permit expired before task completion,Clear obstruction immediately. Conduct full fire safety compliance walk of the unit.,Reported by shift supervisor,High,2,1,IMG_0067.jpg
OBS-0068,3,7,6,2025-02-06,07:42,Ladder used beyond rated height without secondary anchor point,Issue stop-work order. Provide and verify proper fall protection before resuming at height.,Reported by shift supervisor,Low,2,0,IMG_0068.jpg
OBS-0069,5,11,2,2024-12-01,14:19,Waste accumulated near emergency exit — blocking egress route,Immediate cleanup required. Review and tighten housekeeping inspection schedule.,Logged during scheduled safety walk,Medium,2,0,IMG_0069.jpg
OBS-0070,6,13,5,2025-04-10,08:12,Smoke detector coverage gap identified in storage room,Clear obstruction immediately. Conduct full fire safety compliance walk of the unit.,Logged during scheduled safety walk,Medium,4,0,IMG_0070.jpg
OBS-0071,3,6,10,2025-04-18,10:25,Emergency assembly point signage obscured by stored materials,Update all emergency materials. Schedule emergency preparedness drill within 30 days.,Logged during scheduled safety walk,Low,2,0,IMG_0071.jpg
OBS-0072,5,10,5,2024-10-16,12:50,Hot work permit expired before task completion,Clear obstruction immediately. Conduct full fire safety compliance walk of the unit.,Logged during scheduled safety walk,Medium,2,0,IMG_0072.jpg
OBS-0073,5,11,8,2025-02-12,13:43,Equipment operating beyond design pressure limits,Restore interlock to operational state. Initiate full management of change process.,Logged during scheduled safety walk,Medium,1,0,IMG_0073.jpg
OBS-0074,3,6,2,2024-11-23,14:42,Waste accumulated near emergency exit — blocking egress route,Immediate cleanup required. Review and tighten housekeeping inspection schedule.,Logged during scheduled safety walk,Medium,2,0,IMG_0074.jpg
OBS-0075,2,3,4,2025-06-10,10:14,Pressure relief valve past scheduled inspection date,Raise work order for immediate inspection. Take equipment out of service if required.,Logged during scheduled safety walk,High,1,0,IMG_0075.jpg
OBS-0076,4,8,8,2025-05-09,18:04,Process deviation not logged within required timeframe,Restore interlock to operational state. Initiate full management of change process.,Logged during scheduled safety walk,Low,2,0,IMG_0076.jpg
OBS-0077,8,19,4,2025-06-22,12:31,Pump coupling guard missing during active equipment operation,Raise work order for immediate inspection. Take equipment out of service if required.,Logged during scheduled safety walk,High,2,1,IMG_0077.jpg
OBS-0078,1,1,2,2025-02-03,09:11,Tools left unsecured on elevated platform above active work area,Immediate cleanup required. Review and tighten housekeeping inspection schedule.,Reported by shift supervisor,Low,2,0,IMG_0078.jpg
OBS-0079,8,17,8,2024-07-26,14:15,Safety interlock bypassed without management of change approval,Restore interlock to operational state. Initiate full management of change process.,Reported by shift supervisor,Medium,3,0,IMG_0079.jpg
OBS-0080,7,15,3,2025-02-23,16:33,Temporary cable crossing walkway without appropriate protection,Isolate circuit immediately. No re-energization until inspected and cleared by qualified electrician.,Logged during scheduled safety walk,High,3,0,IMG_0080.jpg
OBS-0081,8,17,7,2025-04-07,13:57,SDS not available at point of use for newly introduced chemical,Label and segregate immediately. Conduct chemical inventory audit for this zone.,Logged during scheduled safety walk,Medium,2,0,IMG_0081.jpg
OBS-0082,7,15,5,2024-11-04,16:17,Hot work permit expired before task completion,Clear obstruction immediately. Conduct full fire safety compliance walk of the unit.,Reported by shift supervisor,Medium,2,0,IMG_0082.jpg
OBS-0083,7,16,4,2024-11-18,13:04,Corroded bolts observed on critical flange joint,Raise work order for immediate inspection. Take equipment out of service if required.,Logged during scheduled safety walk,High,3,0,IMG_0083.jpg
OBS-0084,5,11,9,2024-08-11,08:09,Stack emission visibly abnormal — not reported to control room,Contain and isolate. Initiate environmental incident protocol and report to HSE officer.,Logged during scheduled safety walk,Medium,2,0,IMG_0084.jpg
OBS-0085,2,5,4,2024-08-02,12:26,Pressure relief valve past scheduled inspection date,Raise work order for immediate inspection. Take equipment out of service if required.,Logged during scheduled safety walk,Critical,2,1,IMG_0085.jpg
OBS-0086,3,7,7,2025-01-16,18:37,Chemical container unlabeled in secondary storage area,Label and segregate immediately. Conduct chemical inventory audit for this zone.,Reported by shift supervisor,Medium,1,0,IMG_0086.jpg
OBS-0087,8,19,7,2025-03-02,06:22,SDS not available at point of use for newly introduced chemical,Label and segregate immediately. Conduct chemical inventory audit for this zone.,Logged during scheduled safety walk,Medium,2,0,IMG_0087.jpg
OBS-0088,7,14,9,2025-04-06,18:38,Solid waste disposed in non-designated area near bund,Contain and isolate. Initiate environmental incident protocol and report to HSE officer.,Reported by shift supervisor,Medium,2,0,IMG_0088.jpg
OBS-0089,4,8,5,2025-02-09,13:01,Hot work permit expired before task completion,Clear obstruction immediately. Conduct full fire safety compliance walk of the unit.,Logged during scheduled safety walk,Medium,2,0,IMG_0089.jpg
OBS-0090,6,13,3,2025-02-25,08:39,Temporary cable crossing walkway without appropriate protection,Isolate circuit immediately. No re-energization until inspected and cleared by qualified electrician.,Logged during scheduled safety walk,Low,1,0,IMG_0090.jpg
OBS-0091,8,19,10,2025-06-05,06:05,Emergency assembly point signage obscured by stored materials,Update all emergency materials. Schedule emergency preparedness drill within 30 days.,Logged during scheduled safety walk,Medium,1,0,IMG_0091.jpg
OBS-0092,7,15,3,2024-07-26,10:24,Temporary cable crossing walkway without appropriate protection,Isolate circuit immediately. No re-energization until inspected and cleared by qualified electrician.,Logged during scheduled safety walk,Low,3,0,IMG_0092.jpg
OBS-0093,5,11,6,2025-01-11,10:48,Scaffolding toe board missing on third level platform,Issue stop-work order. Provide and verify proper fall protection before resuming at height.,Reported by shift supervisor,Medium,2,0,IMG_0093.jpg
OBS-0094,4,9,2,2025-02-26,06:47,Waste accumulated near emergency exit — blocking egress route,Immediate cleanup required. Review and tighten housekeeping inspection schedule.,Logged during scheduled safety walk,Low,2,0,IMG_0094.jpg
OBS-0095,4,8,2,2025-05-30,06:48,Oil spill on walkway not cleaned within acceptable timeframe,Immediate cleanup required. Review and tighten housekeeping inspection schedule.,Logged during scheduled safety walk,Medium,2,0,IMG_0095.jpg
OBS-0096,3,7,1,2025-05-15,08:15,No high-visibility vest during vehicle movement area crossing,Issue corrective notice. Re-train personnel on mandatory PPE requirements for this zone.,Logged during scheduled safety walk,High,3,1,IMG_0096.jpg
OBS-0097,3,7,8,2025-06-24,10:49,Process deviation not logged within required timeframe,Restore interlock to operational state. Initiate full management of change process.,Logged during scheduled safety walk,Low,2,0,IMG_0097.jpg
OBS-0098,2,4,3,2024-12-07,07:37,Temporary cable crossing walkway without appropriate protection,Isolate circuit immediately. No re-energization until inspected and cleared by qualified electrician.,Logged during scheduled safety walk,Medium,2,0,IMG_0098.jpg
OBS-0099,8,19,7,2025-01-20,17:12,Improper disposal of chemical waste observed near drain,Label and segregate immediately. Conduct chemical inventory audit for this zone.,Logged during scheduled safety walk,Low,3,0,IMG_0099.jpg
OBS-0100,4,8,2,2025-06-22,18:19,Tools left unsecured on elevated platform above active work area,Immediate cleanup required. Review and tighten housekeeping inspection schedule.,Reported by shift supervisor,Low,3,0,IMG_0100.jpg
OBS-0101,2,4,10,2024-07-22,11:34,First aid kit contents found expired during routine check,Update all emergency materials. Schedule emergency preparedness drill within 30 days.,Logged during scheduled safety walk,Medium,1,0,IMG_0101.jpg
OBS-0102,2,3,9,2025-05-28,11:00,Minor hydrocarbon sheen observed near stormwater drain,Contain and isolate. Initiate environmental incident protocol and report to HSE officer.,Reported by shift supervisor,High,3,0,IMG_0102.jpg
OBS-0103,7,14,6,2025-05-22,13:45,Worker observed at height without full body harness,Issue stop-work order. Provide and verify proper fall protection before resuming at height.,Logged during scheduled safety walk,Medium,1,0,IMG_0103.jpg
OBS-0104,8,17,5,2025-05-12,18:58,Smoke detector coverage gap identified in storage room,Clear obstruction immediately. Conduct full fire safety compliance walk of the unit.,Logged during scheduled safety walk,High,2,1,IMG_0104.jpg
OBS-0105,8,19,5,2024-12-13,09:53,Smoke detector coverage gap identified in storage room,Clear obstruction immediately. Conduct full fire safety compliance walk of the unit.,Logged during scheduled safety walk,Critical,1,0,IMG_0105.jpg
OBS-0106,4,8,8,2025-04-18,15:42,Safety interlock bypassed without management of change approval,Restore interlock to operational state. Initiate full management of change process.,Logged during scheduled safety walk,Medium,2,0,IMG_0106.jpg
OBS-0107,7,16,6,2024-10-02,13:13,Scaffolding toe board missing on third level platform,Issue stop-work order. Provide and verify proper fall protection before resuming at height.,Logged during scheduled safety walk,Medium,2,0,IMG_0107.jpg
OBS-0108,5,11,5,2025-05-02,17:56,Fire extinguisher obstructed — not accessible within 5 seconds,Clear obstruction immediately. Conduct full fire safety compliance walk of the unit.,Logged during scheduled safety walk,Low,2,0,IMG_0108.jpg
OBS-0109,8,17,4,2024-08-13,09:46,Pump coupling guard missing during active equipment operation,Raise work order for immediate inspection. Take equipment out of service if required.,Logged during scheduled safety walk,Medium,2,0,IMG_0109.jpg
OBS-0110,4,8,8,2025-05-27,17:31,Safety interlock bypassed without management of change approval,Restore interlock to operational state. Initiate full management of change process.,Logged during scheduled safety walk,Medium,3,0,IMG_0110.jpg
OBS-0111,2,3,5,2024-10-22,12:44,Hot work permit expired before task completion,Clear obstruction immediately. Conduct full fire safety compliance walk of the unit.,Logged during scheduled safety walk,Medium,2,0,IMG_0111.jpg
OBS-0112,8,19,6,2025-02-28,14:33,Ladder used beyond rated height without secondary anchor point,Issue stop-work order. Provide and verify proper fall protection before resuming at height.,Reported by shift supervisor,High,2,1,IMG_0112.jpg
OBS-0113,5,11,6,2025-06-25,13:17,Worker observed at height without full body harness,Issue stop-work order. Provide and verify proper fall protection before resuming at height.,Logged during scheduled safety walk,Medium,2,0,IMG_0113.jpg
OBS-0114,2,4,4,2024-12-09,07:47,Pump coupling guard missing during active equipment operation,Raise work order for immediate inspection. Take equipment out of service if required.,Logged during scheduled safety walk,Low,2,0,IMG_0114.jpg
OBS-0115,3,6,4,2024-10-19,17:30,Pump coupling guard missing during active equipment operation,Raise work order for immediate inspection. Take equipment out of service if required.,Logged during scheduled safety walk,Low,2,0,IMG_0115.jpg
OBS-0116,8,17,10,2024-11-22,07:53,Emergency assembly point signage obscured by stored materials,Update all emergency materials. Schedule emergency preparedness drill within 30 days.,Logged during scheduled safety walk,Low,2,0,IMG_0116.jpg
OBS-0117,6,12,3,2024-12-02,06:45,Temporary cable crossing walkway without appropriate protection,Isolate circuit immediately. No re-energization until inspected and cleared by qualified electrician.,Logged during scheduled safety walk,Medium,2,0,IMG_0117.jpg
OBS-0118,1,2,1,2025-04-10,10:44,PPE not worn correctly — safety glasses missing at point of operation,Issue corrective notice. Re-train personnel on mandatory PPE requirements for this zone.,Logged during scheduled safety walk,High,3,0,IMG_0118.jpg
OBS-0119,2,4,1,2025-04-20,10:30,PPE not worn correctly — safety glasses missing at point of operation,Issue corrective notice. Re-train personnel on mandatory PPE requirements for this zone.,Logged during scheduled safety walk,Medium,1,0,IMG_0119.jpg
OBS-0120,3,6,1,2024-11-07,13:07,PPE not worn correctly — safety glasses missing at point of operation,Issue corrective notice. Re-train personnel on mandatory PPE requirements for this zone.,Reported by shift supervisor,Medium,2,0,IMG_0120.jpg
OBS-0121,7,16,2,2025-04-22,16:43,Oil spill on walkway not cleaned within acceptable timeframe,Immediate cleanup required. Review and tighten housekeeping inspection schedule.,Logged during scheduled safety walk,Low,4,0,IMG_0121.jpg
OBS-0122,8,19,5,2024-08-13,09:07,Smoke detector coverage gap identified in storage room,Clear obstruction immediately. Conduct full fire safety compliance walk of the unit.,Logged during scheduled safety walk,Low,2,0,IMG_0122.jpg
OBS-0123,4,8,9,2025-01-11,13:58,Solid waste disposed in non-designated area near bund,Contain and isolate. Initiate environmental incident protocol and report to HSE officer.,Reported by shift supervisor,Critical,4,1,IMG_0123.jpg
OBS-0124,5,10,10,2025-05-14,06:39,Emergency assembly point signage obscured by stored materials,Update all emergency materials. Schedule emergency preparedness drill within 30 days.,Reported by shift supervisor,Medium,4,0,IMG_0124.jpg
OBS-0125,3,7,4,2024-11-13,16:05,Pressure relief valve past scheduled inspection date,Raise work order for immediate inspection. Take equipment out of service if required.,Logged during scheduled safety walk,Low,3,0,IMG_0125.jpg
OBS-0126,8,18,2,2024-09-19,06:26,Tools left unsecured on elevated platform above active work area,Immediate cleanup required. Review and tighten housekeeping inspection schedule.,Logged during scheduled safety walk,Medium,2,0,IMG_0126.jpg
OBS-0127,7,16,5,2024-07-17,09:18,Hot work permit expired before task completion,Clear obstruction immediately. Conduct full fire safety compliance walk of the unit.,Reported by shift supervisor,Low,2,0,IMG_0127.jpg
OBS-0128,7,15,2,2025-06-17,09:59,Tools left unsecured on elevated platform above active work area,Immediate cleanup required. Review and tighten housekeeping inspection schedule.,Reported by shift supervisor,High,2,1,IMG_0128.jpg
OBS-0129,3,7,7,2024-08-28,14:14,SDS not available at point of use for newly introduced chemical,Label and segregate immediately. Conduct chemical inventory audit for this zone.,Logged during scheduled safety walk,Low,2,0,IMG_0129.jpg
OBS-0130,2,5,2,2024-07-31,08:50,Tools left unsecured on elevated platform above active work area,Immediate cleanup required. Review and tighten housekeeping inspection schedule.,Logged during scheduled safety walk,Medium,1,0,IMG_0130.jpg
OBS-0131,8,19,5,2025-02-10,07:29,Hot work permit expired before task completion,Clear obstruction immediately. Conduct full fire safety compliance walk of the unit.,Logged during scheduled safety walk,Medium,4,0,IMG_0131.jpg
OBS-0132,6,13,5,2025-03-14,14:31,Smoke detector coverage gap identified in storage room,Clear obstruction immediately. Conduct full fire safety compliance walk of the unit.,Logged during scheduled safety walk,High,2,1,IMG_0132.jpg
OBS-0133,5,11,10,2024-11-06,06:05,Emergency contact list outdated on safety notice board,Update all emergency materials. Schedule emergency preparedness drill within 30 days.,Logged during scheduled safety walk,Low,2,0,IMG_0133.jpg
OBS-0134,8,19,10,2024-07-11,18:43,Emergency contact list outdated on safety notice board,Update all emergency materials. Schedule emergency preparedness drill within 30 days.,Reported by shift supervisor,Medium,2,0,IMG_0134.jpg
OBS-0135,1,2,3,2025-02-26,14:41,Temporary cable crossing walkway without appropriate protection,Isolate circuit immediately. No re-energization until inspected and cleared by qualified electrician.,Logged during scheduled safety walk,Medium,2,0,IMG_0135.jpg
OBS-0136,3,6,10,2025-02-09,16:52,Emergency assembly point signage obscured by stored materials,Update all emergency materials. Schedule emergency preparedness drill within 30 days.,Logged during scheduled safety walk,Low,3,0,IMG_0136.jpg
OBS-0137,7,16,6,2025-01-26,11:20,Worker observed at height without full body harness,Issue stop-work order. Provide and verify proper fall protection before resuming at height.,Logged during scheduled safety walk,Low,4,0,IMG_0137.jpg
OBS-0138,5,11,7,2025-06-21,13:18,SDS not available at point of use for newly introduced chemical,Label and segregate immediately. Conduct chemical inventory audit for this zone.,Logged during scheduled safety walk,Medium,2,0,IMG_0138.jpg
OBS-0139,8,18,1,2025-02-18,07:20,Worker observed without safety helmet in designated hard hat area,Issue corrective notice. Re-train personnel on mandatory PPE requirements for this zone.,Logged during scheduled safety walk,Low,2,0,IMG_0139.jpg
OBS-0140,6,13,9,2024-07-01,16:55,Solid waste disposed in non-designated area near bund,Contain and isolate. Initiate environmental incident protocol and report to HSE officer.,Logged during scheduled safety walk,Low,3,0,IMG_0140.jpg
OBS-0141,1,2,4,2025-03-23,11:39,Pump coupling guard missing during active equipment operation,Raise work order for immediate inspection. Take equipment out of service if required.,Reported by shift supervisor,Low,2,0,IMG_0141.jpg
OBS-0142,7,15,1,2024-10-13,10:35,PPE not worn correctly — safety glasses missing at point of operation,Issue corrective notice. Re-train personnel on mandatory PPE requirements for this zone.,Logged during scheduled safety walk,Medium,1,0,IMG_0142.jpg
OBS-0143,7,15,8,2024-09-01,06:40,Safety interlock bypassed without management of change approval,Restore interlock to operational state. Initiate full management of change process.,Logged during scheduled safety walk,Medium,1,0,IMG_0143.jpg
OBS-0144,3,6,5,2025-04-09,06:35,Fire extinguisher obstructed — not accessible within 5 seconds,Clear obstruction immediately. Conduct full fire safety compliance walk of the unit.,Logged during scheduled safety walk,Medium,2,0,IMG_0144.jpg
OBS-0145,2,4,8,2024-08-30,16:53,Process deviation not logged within required timeframe,Restore interlock to operational state. Initiate full management of change process.,Logged during scheduled safety walk,Medium,2,0,IMG_0145.jpg
OBS-0146,5,10,9,2025-06-27,10:26,Minor hydrocarbon sheen observed near stormwater drain,Contain and isolate. Initiate environmental incident protocol and report to HSE officer.,Reported by shift supervisor,Critical,1,0,IMG_0146.jpg
OBS-0147,7,15,9,2024-09-13,12:12,Stack emission visibly abnormal — not reported to control room,Contain and isolate. Initiate environmental incident protocol and report to HSE officer.,Reported by shift supervisor,Low,2,0,IMG_0147.jpg
OBS-0148,2,5,2,2024-11-19,18:50,Tools left unsecured on elevated platform above active work area,Immediate cleanup required. Review and tighten housekeeping inspection schedule.,Logged during scheduled safety walk,High,2,0,IMG_0148.jpg
OBS-0149,4,9,1,2024-11-22,17:19,No high-visibility vest during vehicle movement area crossing,Issue corrective notice. Re-train personnel on mandatory PPE requirements for this zone.,Reported by shift supervisor,Low,2,0,IMG_0149.jpg
OBS-0150,7,16,3,2025-02-14,14:30,Electrical panel door left open and unattended in live area,Isolate circuit immediately. No re-energization until inspected and cleared by qualified electrician.,Logged during scheduled safety walk,Medium,1,0,IMG_0150.jpg
OBS-0151,8,18,7,2025-02-19,11:55,Improper disposal of chemical waste observed near drain,Label and segregate immediately. Conduct chemical inventory audit for this zone.,Logged during scheduled safety walk,High,2,1,IMG_0151.jpg
OBS-0152,6,13,4,2025-01-27,06:20,Pump coupling guard missing during active equipment operation,Raise work order for immediate inspection. Take equipment out of service if required.,Reported by shift supervisor,Medium,2,0,IMG_0152.jpg
OBS-0153,6,13,7,2025-06-05,18:52,Chemical container unlabeled in secondary storage area,Label and segregate immediately. Conduct chemical inventory audit for this zone.,Logged during scheduled safety walk,Low,4,0,IMG_0153.jpg
OBS-0154,7,16,1,2024-09-03,14:37,Worker observed without safety helmet in designated hard hat area,Issue corrective notice. Re-train personnel on mandatory PPE requirements for this zone.,Logged during scheduled safety walk,Medium,2,0,IMG_0154.jpg
OBS-0155,7,15,2,2025-03-27,13:00,Waste accumulated near emergency exit — blocking egress route,Immediate cleanup required. Review and tighten housekeeping inspection schedule.,Reported by shift supervisor,Low,2,0,IMG_0155.jpg
OBS-0156,2,5,2,2025-02-26,18:16,Tools left unsecured on elevated platform above active work area,Immediate cleanup required. Review and tighten housekeeping inspection schedule.,Logged during scheduled safety walk,Medium,1,0,IMG_0156.jpg
OBS-0157,6,13,2,2024-12-16,16:54,Tools left unsecured on elevated platform above active work area,Immediate cleanup required. Review and tighten housekeeping inspection schedule.,Reported by shift supervisor,Critical,4,1,IMG_0157.jpg
OBS-0158,7,16,9,2024-07-19,15:04,Stack emission visibly abnormal — not reported to control room,Contain and isolate. Initiate environmental incident protocol and report to HSE officer.,Logged during scheduled safety walk,Low,2,0,IMG_0158.jpg
OBS-0159,5,10,4,2024-08-16,12:06,Pump coupling guard missing during active equipment operation,Raise work order for immediate inspection. Take equipment out of service if required.,Reported by shift supervisor,Medium,2,0,IMG_0159.jpg
OBS-0160,2,4,8,2024-09-24,17:19,Safety interlock bypassed without management of change approval,Restore interlock to operational state. Initiate full management of change process.,Logged during scheduled safety walk,High,1,0,IMG_0160.jpg
OBS-0161,5,10,6,2025-01-08,12:09,Scaffolding toe board missing on third level platform,Issue stop-work order. Provide and verify proper fall protection before resuming at height.,Logged during scheduled safety walk,Medium,2,0,IMG_0161.jpg
OBS-0162,8,19,3,2024-09-26,08:05,Temporary cable crossing walkway without appropriate protection,Isolate circuit immediately. No re-energization until inspected and cleared by qualified electrician.,Logged during scheduled safety walk,Medium,2,0,IMG_0162.jpg
OBS-0163,4,8,8,2025-04-25,08:14,Equipment operating beyond design pressure limits,Restore interlock to operational state. Initiate full management of change process.,Logged during scheduled safety walk,Low,2,0,IMG_0163.jpg
OBS-0164,7,15,5,2025-06-07,06:57,Smoke detector coverage gap identified in storage room,Clear obstruction immediately. Conduct full fire safety compliance walk of the unit.,Reported by shift supervisor,Medium,2,0,IMG_0164.jpg
OBS-0165,8,18,3,2024-08-07,13:22,Temporary cable crossing walkway without appropriate protection,Isolate circuit immediately. No re-energization until inspected and cleared by qualified electrician.,Reported by shift supervisor,Medium,2,0,IMG_0165.jpg
OBS-0166,7,14,5,2025-02-19,10:12,Smoke detector coverage gap identified in storage room,Clear obstruction immediately. Conduct full fire safety compliance walk of the unit.,Reported by shift supervisor,Medium,3,0,IMG_0166.jpg
OBS-0167,2,4,4,2025-01-12,15:22,Corroded bolts observed on critical flange joint,Raise work order for immediate inspection. Take equipment out of service if required.,Reported by shift supervisor,Critical,1,1,IMG_0167.jpg
OBS-0168,1,1,7,2024-11-18,06:36,Chemical container unlabeled in secondary storage area,Label and segregate immediately. Conduct chemical inventory audit for this zone.,Reported by shift supervisor,Critical,1,0,IMG_0168.jpg
OBS-0169,7,16,5,2024-10-26,15:51,Hot work permit expired before task completion,Clear obstruction immediately. Conduct full fire safety compliance walk of the unit.,Logged during scheduled safety walk,Low,2,0,IMG_0169.jpg
OBS-0170,3,7,10,2024-11-06,16:48,Emergency contact list outdated on safety notice board,Update all emergency materials. Schedule emergency preparedness drill within 30 days.,Reported by shift supervisor,Medium,1,0,IMG_0170.jpg
OBS-0171,2,5,2,2025-05-18,16:02,Waste accumulated near emergency exit — blocking egress route,Immediate cleanup required. Review and tighten housekeeping inspection schedule.,Logged during scheduled safety walk,Medium,2,0,IMG_0171.jpg
OBS-0172,1,2,10,2025-01-03,17:08,Emergency contact list outdated on safety notice board,Update all emergency materials. Schedule emergency preparedness drill within 30 days.,Logged during scheduled safety walk,High,2,1,IMG_0172.jpg
OBS-0173,7,14,3,2024-10-11,08:50,Temporary cable crossing walkway without appropriate protection,Isolate circuit immediately. No re-energization until inspected and cleared by qualified electrician.,Logged during scheduled safety walk,Medium,2,0,IMG_0173.jpg
OBS-0174,8,17,9,2024-11-17,08:16,Solid waste disposed in non-designated area near bund,Contain and isolate. Initiate environmental incident protocol and report to HSE officer.,Reported by shift supervisor,Medium,1,0,IMG_0174.jpg
OBS-0175,5,10,6,2024-08-28,13:04,Worker observed at height without full body harness,Issue stop-work order. Provide and verify proper fall protection before resuming at height.,Logged during scheduled safety walk,Medium,2,0,IMG_0175.jpg
OBS-0176,6,13,9,2025-01-04,07:50,Solid waste disposed in non-designated area near bund,Contain and isolate. Initiate environmental incident protocol and report to HSE officer.,Logged during scheduled safety walk,Medium,3,0,IMG_0176.jpg
OBS-0177,8,18,2,2025-02-18,11:43,Waste accumulated near emergency exit — blocking egress route,Immediate cleanup required. Review and tighten housekeeping inspection schedule.,Reported by shift supervisor,Medium,2,0,IMG_0177.jpg
OBS-0178,8,19,7,2025-05-23,11:06,Improper disposal of chemical waste observed near drain,Label and segregate immediately. Conduct chemical inventory audit for this zone.,Logged during scheduled safety walk,High,2,0,IMG_0178.jpg
OBS-0179,8,18,6,2025-05-09,09:41,Ladder used beyond rated height without secondary anchor point,Issue stop-work order. Provide and verify proper fall protection before resuming at height.,Reported by shift supervisor,Critical,2,1,IMG_0179.jpg
OBS-0180,5,10,7,2024-08-29,08:02,SDS not available at point of use for newly introduced chemical,Label and segregate immediately. Conduct chemical inventory audit for this zone.,Reported by shift supervisor,Low,2,0,IMG_0180.jpg
OBS-0181,7,16,2,2024-08-19,09:56,Waste accumulated near emergency exit — blocking egress route,Immediate cleanup required. Review and tighten housekeeping inspection schedule.,Logged during scheduled safety walk,Medium,2,0,IMG_0181.jpg
OBS-0182,7,15,6,2025-06-09,17:44,Scaffolding toe board missing on third level platform,Issue stop-work order. Provide and verify proper fall protection before resuming at height.,Reported by shift supervisor,Medium,2,0,IMG_0182.jpg
OBS-0183,8,19,3,2025-01-29,16:06,Electrical panel door left open and unattended in live area,Isolate circuit immediately. No re-energization until inspected and cleared by qualified electrician.,Reported by shift supervisor,Low,2,0,IMG_0183.jpg
OBS-0184,7,14,5,2024-07-17,17:23,Smoke detector coverage gap identified in storage room,Clear obstruction immediately. Conduct full fire safety compliance walk of the unit.,Logged during scheduled safety walk,Low,4,0,IMG_0184.jpg
OBS-0185,4,8,6,2024-08-20,16:23,Scaffolding toe board missing on third level platform,Issue stop-work order. Provide and verify proper fall protection before resuming at height.,Reported by shift supervisor,High,1,1,IMG_0185.jpg
OBS-0186,1,2,7,2024-11-19,09:07,Chemical container unlabeled in secondary storage area,Label and segregate immediately. Conduct chemical inventory audit for this zone.,Reported by shift supervisor,High,1,0,IMG_0186.jpg
OBS-0187,3,7,10,2024-07-11,06:50,Emergency contact list outdated on safety notice board,Update all emergency materials. Schedule emergency preparedness drill within 30 days.,Reported by shift supervisor,High,2,1,IMG_0187.jpg
OBS-0188,3,7,2,2025-04-10,09:37,Waste accumulated near emergency exit — blocking egress route,Immediate cleanup required. Review and tighten housekeeping inspection schedule.,Reported by shift supervisor,High,2,1,IMG_0188.jpg
OBS-0189,2,5,10,2024-07-02,10:54,Emergency assembly point signage obscured by stored materials,Update all emergency materials. Schedule emergency preparedness drill within 30 days.,Reported by shift supervisor,Low,1,0,IMG_0189.jpg
OBS-0190,8,18,5,2024-09-28,07:42,Fire extinguisher obstructed — not accessible within 5 seconds,Clear obstruction immediately. Conduct full fire safety compliance walk of the unit.,Reported by shift supervisor,Low,2,0,IMG_0190.jpg
OBS-0191,1,1,6,2024-10-30,15:20,Worker observed at height without full body harness,Issue stop-work order. Provide and verify proper fall protection before resuming at height.,Logged during scheduled safety walk,High,2,1,IMG_0191.jpg
OBS-0192,7,14,9,2024-08-28,17:04,Solid waste disposed in non-designated area near bund,Contain and isolate. Initiate environmental incident protocol and report to HSE officer.,Logged during scheduled safety walk,Medium,3,0,IMG_0192.jpg
OBS-0193,8,17,10,2024-08-25,13:32,Emergency contact list outdated on safety notice board,Update all emergency materials. Schedule emergency preparedness drill within 30 days.,Logged during scheduled safety walk,Low,3,0,IMG_0193.jpg
OBS-0194,1,2,9,2024-12-02,13:41,Minor hydrocarbon sheen observed near stormwater drain,Contain and isolate. Initiate environmental incident protocol and report to HSE officer.,Reported by shift supervisor,Medium,2,0,IMG_0194.jpg
OBS-0195,7,16,7,2025-02-04,16:06,SDS not available at point of use for newly introduced chemical,Label and segregate immediately. Conduct chemical inventory audit for this zone.,Logged during scheduled safety walk,Low,3,0,IMG_0195.jpg
OBS-0196,2,3,2,2024-12-12,15:09,Waste accumulated near emergency exit — blocking egress route,Immediate cleanup required. Review and tighten housekeeping inspection schedule.,Logged during scheduled safety walk,Low,2,0,IMG_0196.jpg
OBS-0197,8,19,9,2025-06-30,11:24,Stack emission visibly abnormal — not reported to control room,Contain and isolate. Initiate environmental incident protocol and report to HSE officer.,Reported by shift supervisor,Medium,3,0,IMG_0197.jpg
OBS-0198,5,10,8,2025-03-16,15:27,Process deviation not logged within required timeframe,Restore interlock to operational state. Initiate full management of change process.,Logged during scheduled safety walk,Medium,4,0,IMG_0198.jpg
OBS-0199,2,4,9,2024-10-19,12:28,Solid waste disposed in non-designated area near bund,Contain and isolate. Initiate environmental incident protocol and report to HSE officer.,Reported by shift supervisor,Low,2,0,IMG_0199.jpg
OBS-0200,5,11,8,2025-01-21,12:46,Equipment operating beyond design pressure limits,Restore interlock to operational state. Initiate full management of change process.,Logged during scheduled safety walk,Low,3,0,IMG_0200.jpg
OBS-0201,5,11,5,2025-01-08,08:43,Fire extinguisher obstructed — not accessible within 5 seconds,Clear obstruction immediately. Conduct full fire safety compliance walk of the unit.,Logged during scheduled safety walk,High,4,0,IMG_0201.jpg
OBS-0202,2,3,7,2024-08-19,17:47,Chemical container unlabeled in secondary storage area,Label and segregate immediately. Conduct chemical inventory audit for this zone.,Logged during scheduled safety walk,Medium,3,0,IMG_0202.jpg
OBS-0203,8,18,1,2025-04-27,14:35,Worker observed without safety helmet in designated hard hat area,Issue corrective notice. Re-train personnel on mandatory PPE requirements for this zone.,Logged during scheduled safety walk,Medium,3,0,IMG_0203.jpg
OBS-0204,7,14,6,2025-06-06,18:27,Ladder used beyond rated height without secondary anchor point,Issue stop-work order. Provide and verify proper fall protection before resuming at height.,Reported by shift supervisor,Medium,1,0,IMG_0204.jpg
OBS-0205,1,2,5,2025-05-04,10:22,Hot work permit expired before task completion,Clear obstruction immediately. Conduct full fire safety compliance walk of the unit.,Logged during scheduled safety walk,Low,1,0,IMG_0205.jpg
OBS-0206,3,7,3,2025-06-02,13:14,Temporary cable crossing walkway without appropriate protection,Isolate circuit immediately. No re-energization until inspected and cleared by qualified electrician.,Reported by shift supervisor,Medium,4,0,IMG_0206.jpg
OBS-0207,8,18,6,2024-08-28,18:17,Scaffolding toe board missing on third level platform,Issue stop-work order. Provide and verify proper fall protection before resuming at height.,Logged during scheduled safety walk,Low,2,0,IMG_0207.jpg
OBS-0208,8,18,10,2025-05-11,16:41,Emergency contact list outdated on safety notice board,Update all emergency materials. Schedule emergency preparedness drill within 30 days.,Logged during scheduled safety walk,Medium,2,0,IMG_0208.jpg
OBS-0209,4,9,1,2024-10-01,10:44,PPE not worn correctly — safety glasses missing at point of operation,Issue corrective notice. Re-train personnel on mandatory PPE requirements for this zone.,Reported by shift supervisor,Medium,2,0,IMG_0209.jpg
OBS-0210,6,12,1,2024-10-01,08:36,Worker observed without safety helmet in designated hard hat area,Issue corrective notice. Re-train personnel on mandatory PPE requirements for this zone.,Logged during scheduled safety walk,Medium,3,0,IMG_0210.jpg
OBS-0211,2,5,1,2024-08-16,17:33,PPE not worn correctly — safety glasses missing at point of operation,Issue corrective notice. Re-train personnel on mandatory PPE requirements for this zone.,Logged during scheduled safety walk,Low,3,0,IMG_0211.jpg
OBS-0212,7,15,6,2024-09-19,11:19,Ladder used beyond rated height without secondary anchor point,Issue stop-work order. Provide and verify proper fall protection before resuming at height.,Reported by shift supervisor,High,2,0,IMG_0212.jpg
OBS-0213,2,3,1,2024-09-18,08:48,PPE not worn correctly — safety glasses missing at point of operation,Issue corrective notice. Re-train personnel on mandatory PPE requirements for this zone.,Logged during scheduled safety walk,High,2,0,IMG_0213.jpg
OBS-0214,7,15,7,2025-03-06,15:28,Chemical container unlabeled in secondary storage area,Label and segregate immediately. Conduct chemical inventory audit for this zone.,Logged during scheduled safety walk,Medium,3,0,IMG_0214.jpg
OBS-0215,8,17,2,2024-12-24,12:07,Tools left unsecured on elevated platform above active work area,Immediate cleanup required. Review and tighten housekeeping inspection schedule.,Logged during scheduled safety walk,Medium,1,0,IMG_0215.jpg
OBS-0216,8,19,8,2025-03-27,16:19,Process deviation not logged within required timeframe,Restore interlock to operational state. Initiate full management of change process.,Logged during scheduled safety walk,High,3,1,IMG_0216.jpg
OBS-0217,1,2,1,2024-10-13,10:13,PPE not worn correctly — safety glasses missing at point of operation,Issue corrective notice. Re-train personnel on mandatory PPE requirements for this zone.,Reported by shift supervisor,Medium,1,0,IMG_0217.jpg
OBS-0218,5,10,6,2024-08-31,06:31,Scaffolding toe board missing on third level platform,Issue stop-work order. Provide and verify proper fall protection before resuming at height.,Logged during scheduled safety walk,High,3,0,IMG_0218.jpg
OBS-0219,8,18,4,2025-03-14,14:53,Corroded bolts observed on critical flange joint,Raise work order for immediate inspection. Take equipment out of service if required.,Logged during scheduled safety walk,High,3,0,IMG_0219.jpg
OBS-0220,1,2,7,2024-07-10,13:58,SDS not available at point of use for newly introduced chemical,Label and segregate immediately. Conduct chemical inventory audit for this zone.,Logged during scheduled safety walk,Low,1,0,IMG_0220.jpg
OBS-0221,8,19,7,2025-04-20,12:45,SDS not available at point of use for newly introduced chemical,Label and segregate immediately. Conduct chemical inventory audit for this zone.,Logged during scheduled safety walk,High,4,0,IMG_0221.jpg
OBS-0222,1,1,6,2024-09-26,18:39,Ladder used beyond rated height without secondary anchor point,Issue stop-work order. Provide and verify proper fall protection before resuming at height.,Logged during scheduled safety walk,Medium,2,0,IMG_0222.jpg
OBS-0223,6,12,2,2025-02-09,07:15,Waste accumulated near emergency exit — blocking egress route,Immediate cleanup required. Review and tighten housekeeping inspection schedule.,Logged during scheduled safety walk,Low,4,0,IMG_0223.jpg
OBS-0224,8,17,2,2025-01-19,10:47,Waste accumulated near emergency exit — blocking egress route,Immediate cleanup required. Review and tighten housekeeping inspection schedule.,Logged during scheduled safety walk,Low,3,0,IMG_0224.jpg
OBS-0225,3,6,2,2025-03-19,16:07,Oil spill on walkway not cleaned within acceptable timeframe,Immediate cleanup required. Review and tighten housekeeping inspection schedule.,Logged during scheduled safety walk,Medium,1,0,IMG_0225.jpg
OBS-0226,6,12,6,2025-05-27,08:15,Scaffolding toe board missing on third level platform,Issue stop-work order. Provide and verify proper fall protection before resuming at height.,Logged during scheduled safety walk,Low,2,0,IMG_0226.jpg
OBS-0227,3,7,3,2025-05-05,08:48,Exposed wiring on junction box — protective covers missing,Isolate circuit immediately. No re-energization until inspected and cleared by qualified electrician.,Reported by shift supervisor,Medium,4,0,IMG_0227.jpg
OBS-0228,3,6,8,2025-02-23,18:36,Process deviation not logged within required timeframe,Restore interlock to operational state. Initiate full management of change process.,Logged during scheduled safety walk,High,2,0,IMG_0228.jpg
OBS-0229,5,11,6,2024-09-16,13:04,Scaffolding toe board missing on third level platform,Issue stop-work order. Provide and verify proper fall protection before resuming at height.,Logged during scheduled safety walk,Critical,2,1,IMG_0229.jpg
OBS-0230,8,19,1,2024-12-28,14:04,Worker observed without safety helmet in designated hard hat area,Issue corrective notice. Re-train personnel on mandatory PPE requirements for this zone.,Logged during scheduled safety walk,High,1,1,IMG_0230.jpg
OBS-0231,6,12,5,2024-08-09,16:55,Hot work permit expired before task completion,Clear obstruction immediately. Conduct full fire safety compliance walk of the unit.,Logged during scheduled safety walk,High,2,0,IMG_0231.jpg
OBS-0232,8,17,7,2025-02-22,15:35,Improper disposal of chemical waste observed near drain,Label and segregate immediately. Conduct chemical inventory audit for this zone.,Reported by shift supervisor,Low,2,0,IMG_0232.jpg
OBS-0233,1,2,8,2025-04-19,16:12,Equipment operating beyond design pressure limits,Restore interlock to operational state. Initiate full management of change process.,Logged during scheduled safety walk,Low,2,0,IMG_0233.jpg
OBS-0234,8,17,3,2024-08-01,13:06,Temporary cable crossing walkway without appropriate protection,Isolate circuit immediately. No re-energization until inspected and cleared by qualified electrician.,Reported by shift supervisor,Medium,3,0,IMG_0234.jpg
OBS-0235,2,3,9,2025-05-27,08:02,Solid waste disposed in non-designated area near bund,Contain and isolate. Initiate environmental incident protocol and report to HSE officer.,Logged during scheduled safety walk,High,4,1,IMG_0235.jpg
OBS-0236,8,17,9,2025-05-09,08:23,Solid waste disposed in non-designated area near bund,Contain and isolate. Initiate environmental incident protocol and report to HSE officer.,Logged during scheduled safety walk,Critical,4,1,IMG_0236.jpg
OBS-0237,5,11,10,2024-07-27,18:40,Emergency assembly point signage obscured by stored materials,Update all emergency materials. Schedule emergency preparedness drill within 30 days.,Logged during scheduled safety walk,Critical,3,0,IMG_0237.jpg
OBS-0238,8,18,7,2024-11-23,10:46,Improper disposal of chemical waste observed near drain,Label and segregate immediately. Conduct chemical inventory audit for this zone.,Reported by shift supervisor,Medium,4,0,IMG_0238.jpg
OBS-0239,2,5,6,2024-08-11,15:42,Ladder used beyond rated height without secondary anchor point,Issue stop-work order. Provide and verify proper fall protection before resuming at height.,Logged during scheduled safety walk,High,2,1,IMG_0239.jpg
OBS-0240,6,13,3,2025-05-01,17:05,Temporary cable crossing walkway without appropriate protection,Isolate circuit immediately. No re-energization until inspected and cleared by qualified electrician.,Logged during scheduled safety walk,Low,2,0,IMG_0240.jpg
OBS-0241,5,11,3,2025-06-09,17:53,Electrical panel door left open and unattended in live area,Isolate circuit immediately. No re-energization until inspected and cleared by qualified electrician.,Reported by shift supervisor,Medium,2,0,IMG_0241.jpg
OBS-0242,8,17,2,2025-05-27,16:27,Oil spill on walkway not cleaned within acceptable timeframe,Immediate cleanup required. Review and tighten housekeeping inspection schedule.,Logged during scheduled safety walk,Medium,2,0,IMG_0242.jpg
OBS-0243,6,12,5,2024-10-01,09:21,Smoke detector coverage gap identified in storage room,Clear obstruction immediately. Conduct full fire safety compliance walk of the unit.,Reported by shift supervisor,Medium,4,0,IMG_0243.jpg
OBS-0244,3,7,4,2024-09-09,08:04,Pump coupling guard missing during active equipment operation,Raise work order for immediate inspection. Take equipment out of service if required.,Reported by shift supervisor,Critical,1,1,IMG_0244.jpg
OBS-0245,8,18,9,2024-07-20,16:21,Stack emission visibly abnormal — not reported to control room,Contain and isolate. Initiate environmental incident protocol and report to HSE officer.,Reported by shift supervisor,Low,3,0,IMG_0245.jpg
OBS-0246,2,5,10,2025-01-09,08:10,Emergency contact list outdated on safety notice board,Update all emergency materials. Schedule emergency preparedness drill within 30 days.,Logged during scheduled safety walk,Medium,2,0,IMG_0246.jpg
OBS-0247,3,6,8,2024-07-23,12:23,Safety interlock bypassed without management of change approval,Restore interlock to operational state. Initiate full management of change process.,Logged during scheduled safety walk,Medium,2,0,IMG_0247.jpg
OBS-0248,7,15,10,2024-11-23,18:47,Emergency assembly point signage obscured by stored materials,Update all emergency materials. Schedule emergency preparedness drill within 30 days.,Reported by shift supervisor,Medium,2,0,IMG_0248.jpg
OBS-0249,8,18,4,2024-12-06,18:50,Pressure relief valve past scheduled inspection date,Raise work order for immediate inspection. Take equipment out of service if required.,Logged during scheduled safety walk,Medium,1,0,IMG_0249.jpg
OBS-0250,6,12,10,2025-02-11,13:49,First aid kit contents found expired during routine check,Update all emergency materials. Schedule emergency preparedness drill within 30 days.,Logged during scheduled safety walk,Low,4,0,IMG_0250.jpg
OBS-0251,8,17,9,2025-01-31,08:52,Stack emission visibly abnormal — not reported to control room,Contain and isolate. Initiate environmental incident protocol and report to HSE officer.,Logged during scheduled safety walk,Medium,2,0,IMG_0251.jpg
OBS-0252,2,5,5,2024-07-27,16:30,Hot work permit expired before task completion,Clear obstruction immediately. Conduct full fire safety compliance walk of the unit.,Reported by shift supervisor,Medium,3,0,IMG_0252.jpg
OBS-0253,2,4,9,2024-09-02,10:05,Solid waste disposed in non-designated area near bund,Contain and isolate. Initiate environmental incident protocol and report to HSE officer.,Reported by shift supervisor,Medium,2,0,IMG_0253.jpg
OBS-0254,7,15,9,2024-09-14,12:05,Minor hydrocarbon sheen observed near stormwater drain,Contain and isolate. Initiate environmental incident protocol and report to HSE officer.,Reported by shift supervisor,Low,3,0,IMG_0254.jpg
OBS-0255,7,15,6,2024-07-14,12:03,Scaffolding toe board missing on third level platform,Issue stop-work order. Provide and verify proper fall protection before resuming at height.,Logged during scheduled safety walk,Low,2,0,IMG_0255.jpg
OBS-0256,4,8,7,2024-08-11,11:14,Chemical container unlabeled in secondary storage area,Label and segregate immediately. Conduct chemical inventory audit for this zone.,Logged during scheduled safety walk,Medium,2,0,IMG_0256.jpg
OBS-0257,5,11,3,2024-09-09,06:18,Temporary cable crossing walkway without appropriate protection,Isolate circuit immediately. No re-energization until inspected and cleared by qualified electrician.,Reported by shift supervisor,Low,3,0,IMG_0257.jpg
OBS-0258,2,5,8,2025-02-15,15:00,Safety interlock bypassed without management of change approval,Restore interlock to operational state. Initiate full management of change process.,Logged during scheduled safety walk,Critical,1,0,IMG_0258.jpg
OBS-0259,2,5,9,2025-05-08,14:27,Solid waste disposed in non-designated area near bund,Contain and isolate. Initiate environmental incident protocol and report to HSE officer.,Logged during scheduled safety walk,Medium,3,0,IMG_0259.jpg
OBS-0260,4,8,5,2024-09-01,06:15,Hot work permit expired before task completion,Clear obstruction immediately. Conduct full fire safety compliance walk of the unit.,Logged during scheduled safety walk,Low,2,0,IMG_0260.jpg
OBS-0261,7,15,2,2024-08-26,13:38,Tools left unsecured on elevated platform above active work area,Immediate cleanup required. Review and tighten housekeeping inspection schedule.,Logged during scheduled safety walk,Medium,2,0,IMG_0261.jpg
OBS-0262,8,17,10,2024-11-01,17:09,Emergency assembly point signage obscured by stored materials,Update all emergency materials. Schedule emergency preparedness drill within 30 days.,Logged during scheduled safety walk,Low,3,0,IMG_0262.jpg
OBS-0263,6,12,4,2025-04-19,12:11,Pressure relief valve past scheduled inspection date,Raise work order for immediate inspection. Take equipment out of service if required.,Logged during scheduled safety walk,Low,2,0,IMG_0263.jpg
OBS-0264,8,17,6,2024-08-04,14:34,Ladder used beyond rated height without secondary anchor point,Issue stop-work order. Provide and verify proper fall protection before resuming at height.,Logged during scheduled safety walk,Medium,2,0,IMG_0264.jpg
OBS-0265,8,18,1,2025-01-16,13:02,PPE not worn correctly — safety glasses missing at point of operation,Issue corrective notice. Re-train personnel on mandatory PPE requirements for this zone.,Reported by shift supervisor,High,3,0,IMG_0265.jpg
OBS-0266,1,1,6,2024-08-04,11:15,Ladder used beyond rated height without secondary anchor point,Issue stop-work order. Provide and verify proper fall protection before resuming at height.,Reported by shift supervisor,Low,4,0,IMG_0266.jpg
OBS-0267,2,4,10,2024-12-18,08:02,First aid kit contents found expired during routine check,Update all emergency materials. Schedule emergency preparedness drill within 30 days.,Logged during scheduled safety walk,Low,2,0,IMG_0267.jpg
OBS-0268,3,6,8,2025-06-22,13:40,Safety interlock bypassed without management of change approval,Restore interlock to operational state. Initiate full management of change process.,Logged during scheduled safety walk,Low,4,0,IMG_0268.jpg
OBS-0269,2,3,8,2024-07-19,10:12,Safety interlock bypassed without management of change approval,Restore interlock to operational state. Initiate full management of change process.,Logged during scheduled safety walk,Low,2,0,IMG_0269.jpg
OBS-0270,1,2,6,2024-12-06,14:25,Ladder used beyond rated height without secondary anchor point,Issue stop-work order. Provide and verify proper fall protection before resuming at height.,Reported by shift supervisor,Medium,1,0,IMG_0270.jpg
OBS-0271,7,16,5,2024-07-19,18:41,Smoke detector coverage gap identified in storage room,Clear obstruction immediately. Conduct full fire safety compliance walk of the unit.,Logged during scheduled safety walk,Low,2,0,IMG_0271.jpg
OBS-0272,1,2,6,2024-11-17,07:51,Ladder used beyond rated height without secondary anchor point,Issue stop-work order. Provide and verify proper fall protection before resuming at height.,Reported by shift supervisor,High,2,1,IMG_0272.jpg
OBS-0273,7,15,7,2024-12-21,08:31,SDS not available at point of use for newly introduced chemical,Label and segregate immediately. Conduct chemical inventory audit for this zone.,Logged during scheduled safety walk,Medium,2,0,IMG_0273.jpg
OBS-0274,8,17,5,2024-08-12,17:27,Fire extinguisher obstructed — not accessible within 5 seconds,Clear obstruction immediately. Conduct full fire safety compliance walk of the unit.,Logged during scheduled safety walk,High,2,1,IMG_0274.jpg
OBS-0275,8,18,5,2024-12-12,07:05,Smoke detector coverage gap identified in storage room,Clear obstruction immediately. Conduct full fire safety compliance walk of the unit.,Logged during scheduled safety walk,Medium,3,0,IMG_0275.jpg
OBS-0276,5,10,8,2025-05-05,17:27,Equipment operating beyond design pressure limits,Restore interlock to operational state. Initiate full management of change process.,Logged during scheduled safety walk,Medium,3,0,IMG_0276.jpg
OBS-0277,6,12,8,2024-07-22,17:55,Process deviation not logged within required timeframe,Restore interlock to operational state. Initiate full management of change process.,Reported by shift supervisor,Medium,2,0,IMG_0277.jpg
OBS-0278,7,14,5,2025-05-24,18:03,Hot work permit expired before task completion,Clear obstruction immediately. Conduct full fire safety compliance walk of the unit.,Logged during scheduled safety walk,Low,2,0,IMG_0278.jpg
OBS-0279,6,13,6,2025-03-20,18:47,Worker observed at height without full body harness,Issue stop-work order. Provide and verify proper fall protection before resuming at height.,Reported by shift supervisor,High,1,0,IMG_0279.jpg
OBS-0280,7,15,1,2024-09-03,07:15,PPE not worn correctly — safety glasses missing at point of operation,Issue corrective notice. Re-train personnel on mandatory PPE requirements for this zone.,Reported by shift supervisor,Low,2,0,IMG_0280.jpg
OBS-0281,6,12,7,2025-04-17,06:38,SDS not available at point of use for newly introduced chemical,Label and segregate immediately. Conduct chemical inventory audit for this zone.,Logged during scheduled safety walk,Low,2,0,IMG_0281.jpg
OBS-0282,6,12,6,2025-02-13,18:04,Scaffolding toe board missing on third level platform,Issue stop-work order. Provide and verify proper fall protection before resuming at height.,Logged during scheduled safety walk,High,1,1,IMG_0282.jpg
OBS-0283,5,11,5,2024-11-05,07:01,Smoke detector coverage gap identified in storage room,Clear obstruction immediately. Conduct full fire safety compliance walk of the unit.,Reported by shift supervisor,Medium,2,0,IMG_0283.jpg
OBS-0284,8,17,7,2025-04-14,07:16,Improper disposal of chemical waste observed near drain,Label and segregate immediately. Conduct chemical inventory audit for this zone.,Reported by shift supervisor,Medium,2,0,IMG_0284.jpg
OBS-0285,7,15,4,2025-05-10,10:44,Corroded bolts observed on critical flange joint,Raise work order for immediate inspection. Take equipment out of service if required.,Reported by shift supervisor,Low,2,0,IMG_0285.jpg
OBS-0286,3,7,2,2024-09-08,07:28,Tools left unsecured on elevated platform above active work area,Immediate cleanup required. Review and tighten housekeeping inspection schedule.,Logged during scheduled safety walk,Medium,3,0,IMG_0286.jpg
OBS-0287,7,15,2,2025-06-15,11:42,Oil spill on walkway not cleaned within acceptable timeframe,Immediate cleanup required. Review and tighten housekeeping inspection schedule.,Logged during scheduled safety walk,Medium,2,0,IMG_0287.jpg
OBS-0288,8,18,9,2024-11-26,10:54,Stack emission visibly abnormal — not reported to control room,Contain and isolate. Initiate environmental incident protocol and report to HSE officer.,Logged during scheduled safety walk,Low,4,0,IMG_0288.jpg
OBS-0289,3,6,6,2025-03-18,09:07,Worker observed at height without full body harness,Issue stop-work order. Provide and verify proper fall protection before resuming at height.,Reported by shift supervisor,High,4,0,IMG_0289.jpg
OBS-0290,7,16,1,2025-01-01,14:36,No high-visibility vest during vehicle movement area crossing,Issue corrective notice. Re-train personnel on mandatory PPE requirements for this zone.,Logged during scheduled safety walk,Medium,2,0,IMG_0290.jpg
OBS-0291,2,5,10,2024-08-14,07:19,Emergency contact list outdated on safety notice board,Update all emergency materials. Schedule emergency preparedness drill within 30 days.,Logged during scheduled safety walk,Medium,4,0,IMG_0291.jpg
OBS-0292,7,16,9,2025-01-27,18:26,Minor hydrocarbon sheen observed near stormwater drain,Contain and isolate. Initiate environmental incident protocol and report to HSE officer.,Reported by shift supervisor,Medium,2,0,IMG_0292.jpg
OBS-0293,2,5,6,2025-05-25,07:28,Ladder used beyond rated height without secondary anchor point,Issue stop-work order. Provide and verify proper fall protection before resuming at height.,Logged during scheduled safety walk,Medium,2,0,IMG_0293.jpg
OBS-0294,6,12,3,2025-04-09,16:37,Temporary cable crossing walkway without appropriate protection,Isolate circuit immediately. No re-energization until inspected and cleared by qualified electrician.,Reported by shift supervisor,High,1,1,IMG_0294.jpg
OBS-0295,8,17,1,2024-09-02,14:09,No high-visibility vest during vehicle movement area crossing,Issue corrective notice. Re-train personnel on mandatory PPE requirements for this zone.,Logged during scheduled safety walk,High,1,1,IMG_0295.jpg
OBS-0296,4,8,6,2025-03-23,10:54,Ladder used beyond rated height without secondary anchor point,Issue stop-work order. Provide and verify proper fall protection before resuming at height.,Logged during scheduled safety walk,High,2,1,IMG_0296.jpg
OBS-0297,4,9,3,2025-05-17,10:39,Exposed wiring on junction box — protective covers missing,Isolate circuit immediately. No re-energization until inspected and cleared by qualified electrician.,Logged during scheduled safety walk,High,2,1,IMG_0297.jpg
OBS-0298,8,19,10,2024-09-17,08:42,Emergency contact list outdated on safety notice board,Update all emergency materials. Schedule emergency preparedness drill within 30 days.,Logged during scheduled safety walk,Low,2,0,IMG_0298.jpg
OBS-0299,5,11,10,2024-07-22,06:05,Emergency contact list outdated on safety notice board,Update all emergency materials. Schedule emergency preparedness drill within 30 days.,Logged during scheduled safety walk,Medium,2,0,IMG_0299.jpg
OBS-0300,8,19,5,2025-05-30,09:49,Fire extinguisher obstructed — not accessible within 5 seconds,Clear obstruction immediately. Conduct full fire safety compliance walk of the unit.,Logged during scheduled safety walk,High,1,1,IMG_0300.jpg
OBS-0301,7,16,9,2024-11-26,16:19,Stack emission visibly abnormal — not reported to control room,Contain and isolate. Initiate environmental incident protocol and report to HSE officer.,Reported by shift supervisor,High,1,1,IMG_0301.jpg
OBS-0302,6,13,5,2025-02-18,07:44,Smoke detector coverage gap identified in storage room,Clear obstruction immediately. Conduct full fire safety compliance walk of the unit.,Logged during scheduled safety walk,High,1,1,IMG_0302.jpg
OBS-0303,7,15,4,2024-12-22,15:09,Pump coupling guard missing during active equipment operation,Raise work order for immediate inspection. Take equipment out of service if required.,Reported by shift supervisor,High,2,1,IMG_0303.jpg
OBS-0304,6,12,7,2024-09-05,18:23,Chemical container unlabeled in secondary storage area,Label and segregate immediately. Conduct chemical inventory audit for this zone.,Logged during scheduled safety walk,High,2,1,IMG_0304.jpg
OBS-0305,7,15,2,2024-11-14,13:15,Oil spill on walkway not cleaned within acceptable timeframe,Immediate cleanup required. Review and tighten housekeeping inspection schedule.,Logged during scheduled safety walk,Medium,2,0,IMG_0305.jpg
OBS-0306,5,10,7,2025-05-12,12:15,SDS not available at point of use for newly introduced chemical,Label and segregate immediately. Conduct chemical inventory audit for this zone.,Reported by shift supervisor,Critical,3,0,IMG_0306.jpg
OBS-0307,8,19,6,2024-10-06,18:10,Ladder used beyond rated height without secondary anchor point,Issue stop-work order. Provide and verify proper fall protection before resuming at height.,Logged during scheduled safety walk,Medium,1,0,IMG_0307.jpg
OBS-0308,7,15,8,2024-12-05,13:01,Equipment operating beyond design pressure limits,Restore interlock to operational state. Initiate full management of change process.,Logged during scheduled safety walk,Low,4,0,IMG_0308.jpg
OBS-0309,8,17,8,2024-11-01,09:37,Equipment operating beyond design pressure limits,Restore interlock to operational state. Initiate full management of change process.,Logged during scheduled safety walk,High,1,1,IMG_0309.jpg
OBS-0310,7,16,5,2025-04-01,06:54,Fire extinguisher obstructed — not accessible within 5 seconds,Clear obstruction immediately. Conduct full fire safety compliance walk of the unit.,Logged during scheduled safety walk,Low,2,0,IMG_0310.jpg
OBS-0311,4,9,6,2025-01-23,11:02,Worker observed at height without full body harness,Issue stop-work order. Provide and verify proper fall protection before resuming at height.,Logged during scheduled safety walk,High,1,1,IMG_0311.jpg
OBS-0312,6,12,9,2024-11-25,07:24,Stack emission visibly abnormal — not reported to control room,Contain and isolate. Initiate environmental incident protocol and report to HSE officer.,Logged during scheduled safety walk,Medium,2,0,IMG_0312.jpg
OBS-0313,4,9,10,2025-06-14,15:07,Emergency assembly point signage obscured by stored materials,Update all emergency materials. Schedule emergency preparedness drill within 30 days.,Logged during scheduled safety walk,Medium,2,0,IMG_0313.jpg
OBS-0314,6,13,6,2024-12-21,14:23,Worker observed at height without full body harness,Issue stop-work order. Provide and verify proper fall protection before resuming at height.,Reported by shift supervisor,Medium,2,0,IMG_0314.jpg
OBS-0315,8,17,7,2025-03-14,06:02,SDS not available at point of use for newly introduced chemical,Label and segregate immediately. Conduct chemical inventory audit for this zone.,Reported by shift supervisor,Critical,1,1,IMG_0315.jpg
OBS-0316,8,17,8,2024-09-15,15:57,Equipment operating beyond design pressure limits,Restore interlock to operational state. Initiate full management of change process.,Logged during scheduled safety walk,Low,3,0,IMG_0316.jpg
OBS-0317,5,11,3,2025-01-18,15:47,Electrical panel door left open and unattended in live area,Isolate circuit immediately. No re-energization until inspected and cleared by qualified electrician.,Reported by shift supervisor,Medium,2,0,IMG_0317.jpg
OBS-0318,5,11,9,2025-03-18,14:31,Minor hydrocarbon sheen observed near stormwater drain,Contain and isolate. Initiate environmental incident protocol and report to HSE officer.,Logged during scheduled safety walk,High,2,0,IMG_0318.jpg
OBS-0319,6,12,6,2025-06-10,07:26,Ladder used beyond rated height without secondary anchor point,Issue stop-work order. Provide and verify proper fall protection before resuming at height.,Logged during scheduled safety walk,Medium,2,0,IMG_0319.jpg
OBS-0320,1,1,10,2025-02-28,10:41,Emergency contact list outdated on safety notice board,Update all emergency materials. Schedule emergency preparedness drill within 30 days.,Reported by shift supervisor,Medium,2,0,IMG_0320.jpg
OBS-0321,8,19,4,2024-07-27,15:30,Pump coupling guard missing during active equipment operation,Raise work order for immediate inspection. Take equipment out of service if required.,Logged during scheduled safety walk,Critical,2,1,IMG_0321.jpg
OBS-0322,6,13,3,2025-06-14,09:02,Exposed wiring on junction box — protective covers missing,Isolate circuit immediately. No re-energization until inspected and cleared by qualified electrician.,Reported by shift supervisor,High,2,1,IMG_0322.jpg
OBS-0323,1,1,8,2024-12-08,12:09,Process deviation not logged within required timeframe,Restore interlock to operational state. Initiate full management of change process.,Logged during scheduled safety walk,High,3,1,IMG_0323.jpg
OBS-0324,7,16,1,2025-06-27,08:33,PPE not worn correctly — safety glasses missing at point of operation,Issue corrective notice. Re-train personnel on mandatory PPE requirements for this zone.,Logged during scheduled safety walk,Medium,2,0,IMG_0324.jpg
OBS-0325,7,16,9,2025-01-09,11:11,Stack emission visibly abnormal — not reported to control room,Contain and isolate. Initiate environmental incident protocol and report to HSE officer.,Logged during scheduled safety walk,Low,2,0,IMG_0325.jpg
OBS-0326,5,11,9,2024-12-29,16:49,Stack emission visibly abnormal — not reported to control room,Contain and isolate. Initiate environmental incident protocol and report to HSE officer.,Logged during scheduled safety walk,High,2,0,IMG_0326.jpg
OBS-0327,4,9,10,2025-03-05,09:15,First aid kit contents found expired during routine check,Update all emergency materials. Schedule emergency preparedness drill within 30 days.,Logged during scheduled safety walk,Medium,2,0,IMG_0327.jpg
OBS-0328,4,8,5,2024-11-25,17:13,Smoke detector coverage gap identified in storage room,Clear obstruction immediately. Conduct full fire safety compliance walk of the unit.,Logged during scheduled safety walk,Medium,1,0,IMG_0328.jpg
OBS-0329,5,11,8,2024-12-26,14:59,Process deviation not logged within required timeframe,Restore interlock to operational state. Initiate full management of change process.,Reported by shift supervisor,Medium,2,0,IMG_0329.jpg
OBS-0330,4,9,5,2024-09-01,15:43,Smoke detector coverage gap identified in storage room,Clear obstruction immediately. Conduct full fire safety compliance walk of the unit.,Logged during scheduled safety walk,Medium,2,0,IMG_0330.jpg
OBS-0331,6,12,3,2024-11-26,06:18,Exposed wiring on junction box — protective covers missing,Isolate circuit immediately. No re-energization until inspected and cleared by qualified electrician.,Reported by shift supervisor,Medium,4,0,IMG_0331.jpg
OBS-0332,6,12,8,2025-06-01,10:47,Safety interlock bypassed without management of change approval,Restore interlock to operational state. Initiate full management of change process.,Logged during scheduled safety walk,Medium,2,0,IMG_0332.jpg
OBS-0333,8,18,5,2025-04-14,17:17,Hot work permit expired before task completion,Clear obstruction immediately. Conduct full fire safety compliance walk of the unit.,Logged during scheduled safety walk,High,1,1,IMG_0333.jpg
OBS-0334,4,8,4,2024-07-26,16:57,Pressure relief valve past scheduled inspection date,Raise work order for immediate inspection. Take equipment out of service if required.,Logged during scheduled safety walk,High,1,1,IMG_0334.jpg
OBS-0335,2,4,7,2024-12-17,17:30,Chemical container unlabeled in secondary storage area,Label and segregate immediately. Conduct chemical inventory audit for this zone.,Reported by shift supervisor,High,1,1,IMG_0335.jpg
OBS-0336,8,18,3,2025-01-25,16:59,Electrical panel door left open and unattended in live area,Isolate circuit immediately. No re-energization until inspected and cleared by qualified electrician.,Logged during scheduled safety walk,High,3,0,IMG_0336.jpg
OBS-0337,3,7,5,2024-12-12,10:41,Hot work permit expired before task completion,Clear obstruction immediately. Conduct full fire safety compliance walk of the unit.,Reported by shift supervisor,High,2,1,IMG_0337.jpg
OBS-0338,8,19,4,2025-03-31,17:46,Pressure relief valve past scheduled inspection date,Raise work order for immediate inspection. Take equipment out of service if required.,Reported by shift supervisor,Medium,4,0,IMG_0338.jpg
OBS-0339,3,6,7,2024-09-29,06:53,Improper disposal of chemical waste observed near drain,Label and segregate immediately. Conduct chemical inventory audit for this zone.,Logged during scheduled safety walk,High,2,1,IMG_0339.jpg
OBS-0340,5,10,1,2024-07-05,10:36,PPE not worn correctly — safety glasses missing at point of operation,Issue corrective notice. Re-train personnel on mandatory PPE requirements for this zone.,Logged during scheduled safety walk,Low,3,0,IMG_0340.jpg
OBS-0341,5,10,8,2025-05-25,14:33,Safety interlock bypassed without management of change approval,Restore interlock to operational state. Initiate full management of change process.,Logged during scheduled safety walk,Low,2,0,IMG_0341.jpg
OBS-0342,8,17,8,2024-11-17,09:51,Equipment operating beyond design pressure limits,Restore interlock to operational state. Initiate full management of change process.,Logged during scheduled safety walk,High,2,1,IMG_0342.jpg
OBS-0343,4,9,3,2024-07-08,17:21,Electrical panel door left open and unattended in live area,Isolate circuit immediately. No re-energization until inspected and cleared by qualified electrician.,Reported by shift supervisor,Low,2,0,IMG_0343.jpg
OBS-0344,3,7,3,2025-05-09,16:57,Temporary cable crossing walkway without appropriate protection,Isolate circuit immediately. No re-energization until inspected and cleared by qualified electrician.,Logged during scheduled safety walk,Medium,2,0,IMG_0344.jpg
OBS-0345,8,17,6,2024-08-14,12:42,Worker observed at height without full body harness,Issue stop-work order. Provide and verify proper fall protection before resuming at height.,Logged during scheduled safety walk,Low,2,0,IMG_0345.jpg
OBS-0346,7,16,6,2024-11-05,06:16,Scaffolding toe board missing on third level platform,Issue stop-work order. Provide and verify proper fall protection before resuming at height.,Logged during scheduled safety walk,Medium,2,0,IMG_0346.jpg
OBS-0347,4,9,6,2024-12-02,15:46,Scaffolding toe board missing on third level platform,Issue stop-work order. Provide and verify proper fall protection before resuming at height.,Logged during scheduled safety walk,Medium,2,0,IMG_0347.jpg
OBS-0348,6,12,4,2024-08-01,16:07,Pump coupling guard missing during active equipment operation,Raise work order for immediate inspection. Take equipment out of service if required.,Logged during scheduled safety walk,High,2,1,IMG_0348.jpg
OBS-0349,8,17,5,2025-06-19,07:40,Smoke detector coverage gap identified in storage room,Clear obstruction immediately. Conduct full fire safety compliance walk of the unit.,Reported by shift supervisor,Medium,2,0,IMG_0349.jpg
OBS-0350,6,12,10,2024-10-22,09:08,Emergency contact list outdated on safety notice board,Update all emergency materials. Schedule emergency preparedness drill within 30 days.,Logged during scheduled safety walk,High,2,1,IMG_0350.jpg
OBS-0351,6,12,7,2025-06-25,14:58,Improper disposal of chemical waste observed near drain,Label and segregate immediately. Conduct chemical inventory audit for this zone.,Logged during scheduled safety walk,Medium,1,0,IMG_0351.jpg
OBS-0352,3,7,4,2025-06-14,18:38,Pressure relief valve past scheduled inspection date,Raise work order for immediate inspection. Take equipment out of service if required.,Reported by shift supervisor,Medium,1,0,IMG_0352.jpg
OBS-0353,8,17,8,2025-03-28,17:23,Safety interlock bypassed without management of change approval,Restore interlock to operational state. Initiate full management of change process.,Logged during scheduled safety walk,High,4,1,IMG_0353.jpg
OBS-0354,8,18,9,2024-10-12,15:34,Solid waste disposed in non-designated area near bund,Contain and isolate. Initiate environmental incident protocol and report to HSE officer.,Logged during scheduled safety walk,Medium,3,0,IMG_0354.jpg
OBS-0355,8,17,8,2024-08-29,16:13,Equipment operating beyond design pressure limits,Restore interlock to operational state. Initiate full management of change process.,Reported by shift supervisor,Medium,2,0,IMG_0355.jpg
OBS-0356,2,3,9,2025-02-14,18:03,Stack emission visibly abnormal — not reported to control room,Contain and isolate. Initiate environmental incident protocol and report to HSE officer.,Logged during scheduled safety walk,Low,2,0,IMG_0356.jpg
OBS-0357,7,14,8,2025-04-15,06:35,Equipment operating beyond design pressure limits,Restore interlock to operational state. Initiate full management of change process.,Logged during scheduled safety walk,Medium,2,0,IMG_0357.jpg
OBS-0358,1,1,7,2024-11-08,06:47,Chemical container unlabeled in secondary storage area,Label and segregate immediately. Conduct chemical inventory audit for this zone.,Logged during scheduled safety walk,Medium,4,0,IMG_0358.jpg
OBS-0359,1,2,7,2024-12-24,17:04,Chemical container unlabeled in secondary storage area,Label and segregate immediately. Conduct chemical inventory audit for this zone.,Logged during scheduled safety walk,Low,4,0,IMG_0359.jpg
OBS-0360,2,3,8,2024-07-17,10:26,Process deviation not logged within required timeframe,Restore interlock to operational state. Initiate full management of change process.,Logged during scheduled safety walk,High,3,1,IMG_0360.jpg
OBS-0361,7,14,6,2025-01-12,13:55,Scaffolding toe board missing on third level platform,Issue stop-work order. Provide and verify proper fall protection before resuming at height.,Reported by shift supervisor,Low,2,0,IMG_0361.jpg
OBS-0362,6,13,2,2025-06-15,16:55,Waste accumulated near emergency exit — blocking egress route,Immediate cleanup required. Review and tighten housekeeping inspection schedule.,Logged during scheduled safety walk,High,3,1,IMG_0362.jpg
OBS-0363,2,4,3,2025-04-02,12:33,Exposed wiring on junction box — protective covers missing,Isolate circuit immediately. No re-energization until inspected and cleared by qualified electrician.,Logged during scheduled safety walk,Medium,3,0,IMG_0363.jpg
OBS-0364,1,1,1,2024-11-30,13:43,PPE not worn correctly — safety glasses missing at point of operation,Issue corrective notice. Re-train personnel on mandatory PPE requirements for this zone.,Logged during scheduled safety walk,High,3,0,IMG_0364.jpg
OBS-0365,4,8,4,2025-02-21,11:09,Pump coupling guard missing during active equipment operation,Raise work order for immediate inspection. Take equipment out of service if required.,Reported by shift supervisor,High,1,1,IMG_0365.jpg
OBS-0366,2,4,1,2025-06-04,12:39,Worker observed without safety helmet in designated hard hat area,Issue corrective notice. Re-train personnel on mandatory PPE requirements for this zone.,Reported by shift supervisor,High,3,0,IMG_0366.jpg
OBS-0367,4,8,4,2024-08-04,07:38,Pump coupling guard missing during active equipment operation,Raise work order for immediate inspection. Take equipment out of service if required.,Logged during scheduled safety walk,Medium,2,0,IMG_0367.jpg
OBS-0368,1,2,4,2024-07-23,12:28,Pressure relief valve past scheduled inspection date,Raise work order for immediate inspection. Take equipment out of service if required.,Logged during scheduled safety walk,Medium,3,0,IMG_0368.jpg
OBS-0369,1,2,3,2025-03-15,10:14,Electrical panel door left open and unattended in live area,Isolate circuit immediately. No re-energization until inspected and cleared by qualified electrician.,Reported by shift supervisor,Medium,3,0,IMG_0369.jpg
OBS-0370,8,19,6,2025-04-22,15:49,Scaffolding toe board missing on third level platform,Issue stop-work order. Provide and verify proper fall protection before resuming at height.,Logged during scheduled safety walk,Medium,2,0,IMG_0370.jpg
OBS-0371,4,8,5,2024-09-12,16:33,Smoke detector coverage gap identified in storage room,Clear obstruction immediately. Conduct full fire safety compliance walk of the unit.,Logged during scheduled safety walk,Medium,2,0,IMG_0371.jpg
OBS-0372,4,9,1,2025-04-12,15:56,Worker observed without safety helmet in designated hard hat area,Issue corrective notice. Re-train personnel on mandatory PPE requirements for this zone.,Reported by shift supervisor,Low,2,0,IMG_0372.jpg
OBS-0373,7,14,9,2025-03-11,06:22,Stack emission visibly abnormal — not reported to control room,Contain and isolate. Initiate environmental incident protocol and report to HSE officer.,Logged during scheduled safety walk,High,3,0,IMG_0373.jpg
OBS-0374,5,11,7,2025-01-26,08:19,Improper disposal of chemical waste observed near drain,Label and segregate immediately. Conduct chemical inventory audit for this zone.,Logged during scheduled safety walk,Medium,2,0,IMG_0374.jpg
OBS-0375,7,16,4,2024-10-24,10:54,Corroded bolts observed on critical flange joint,Raise work order for immediate inspection. Take equipment out of service if required.,Reported by shift supervisor,Low,2,0,IMG_0375.jpg
OBS-0376,1,2,9,2025-01-28,12:35,Solid waste disposed in non-designated area near bund,Contain and isolate. Initiate environmental incident protocol and report to HSE officer.,Logged during scheduled safety walk,High,4,1,IMG_0376.jpg
OBS-0377,3,7,6,2025-05-28,07:59,Scaffolding toe board missing on third level platform,Issue stop-work order. Provide and verify proper fall protection before resuming at height.,Logged during scheduled safety walk,Medium,2,0,IMG_0377.jpg
OBS-0378,2,3,9,2024-10-06,06:17,Minor hydrocarbon sheen observed near stormwater drain,Contain and isolate. Initiate environmental incident protocol and report to HSE officer.,Logged during scheduled safety walk,High,3,1,IMG_0378.jpg
OBS-0379,2,3,4,2025-04-27,17:42,Corroded bolts observed on critical flange joint,Raise work order for immediate inspection. Take equipment out of service if required.,Logged during scheduled safety walk,Medium,2,0,IMG_0379.jpg
OBS-0380,3,7,6,2024-12-03,06:13,Ladder used beyond rated height without secondary anchor point,Issue stop-work order. Provide and verify proper fall protection before resuming at height.,Reported by shift supervisor,Low,3,0,IMG_0380.jpg
OBS-0381,2,4,8,2024-11-02,17:38,Safety interlock bypassed without management of change approval,Restore interlock to operational state. Initiate full management of change process.,Logged during scheduled safety walk,High,2,0,IMG_0381.jpg
OBS-0382,8,18,6,2024-11-22,12:29,Scaffolding toe board missing on third level platform,Issue stop-work order. Provide and verify proper fall protection before resuming at height.,Logged during scheduled safety walk,High,3,1,IMG_0382.jpg
OBS-0383,6,12,9,2025-03-12,13:06,Solid waste disposed in non-designated area near bund,Contain and isolate. Initiate environmental incident protocol and report to HSE officer.,Reported by shift supervisor,Critical,2,0,IMG_0383.jpg
OBS-0384,3,7,6,2024-12-08,12:02,Worker observed at height without full body harness,Issue stop-work order. Provide and verify proper fall protection before resuming at height.,Logged during scheduled safety walk,Low,3,0,IMG_0384.jpg
OBS-0385,2,5,1,2024-11-11,14:59,No high-visibility vest during vehicle movement area crossing,Issue corrective notice. Re-train personnel on mandatory PPE requirements for this zone.,Logged during scheduled safety walk,Medium,3,0,IMG_0385.jpg
OBS-0386,7,14,5,2024-09-17,09:21,Fire extinguisher obstructed — not accessible within 5 seconds,Clear obstruction immediately. Conduct full fire safety compliance walk of the unit.,Logged during scheduled safety walk,High,3,1,IMG_0386.jpg
OBS-0387,7,16,9,2025-06-01,16:21,Stack emission visibly abnormal — not reported to control room,Contain and isolate. Initiate environmental incident protocol and report to HSE officer.,Reported by shift supervisor,High,2,1,IMG_0387.jpg
OBS-0388,7,16,8,2024-09-25,17:50,Safety interlock bypassed without management of change approval,Restore interlock to operational state. Initiate full management of change process.,Logged during scheduled safety walk,Low,1,0,IMG_0388.jpg
OBS-0389,8,18,8,2024-10-03,14:41,Safety interlock bypassed without management of change approval,Restore interlock to operational state. Initiate full management of change process.,Logged during scheduled safety walk,High,3,0,IMG_0389.jpg
OBS-0390,1,2,1,2025-01-28,08:53,Worker observed without safety helmet in designated hard hat area,Issue corrective notice. Re-train personnel on mandatory PPE requirements for this zone.,Logged during scheduled safety walk,Low,2,0,IMG_0390.jpg
OBS-0391,2,5,1,2024-10-20,14:29,No high-visibility vest during vehicle movement area crossing,Issue corrective notice. Re-train personnel on mandatory PPE requirements for this zone.,Logged during scheduled safety walk,Medium,2,0,IMG_0391.jpg
OBS-0392,7,16,8,2024-07-09,06:34,Safety interlock bypassed without management of change approval,Restore interlock to operational state. Initiate full management of change process.,Logged during scheduled safety walk,Medium,2,0,IMG_0392.jpg
OBS-0393,1,1,9,2024-11-18,14:18,Stack emission visibly abnormal — not reported to control room,Contain and isolate. Initiate environmental incident protocol and report to HSE officer.,Reported by shift supervisor,High,4,1,IMG_0393.jpg
OBS-0394,7,14,3,2024-08-24,07:33,Exposed wiring on junction box — protective covers missing,Isolate circuit immediately. No re-energization until inspected and cleared by qualified electrician.,Logged during scheduled safety walk,Medium,2,0,IMG_0394.jpg
OBS-0395,8,17,5,2024-12-29,10:50,Smoke detector coverage gap identified in storage room,Clear obstruction immediately. Conduct full fire safety compliance walk of the unit.,Logged during scheduled safety walk,Medium,4,0,IMG_0395.jpg
OBS-0396,6,13,8,2025-04-16,09:44,Safety interlock bypassed without management of change approval,Restore interlock to operational state. Initiate full management of change process.,Logged during scheduled safety walk,High,2,1,IMG_0396.jpg
OBS-0397,1,2,2,2025-01-24,12:24,Oil spill on walkway not cleaned within acceptable timeframe,Immediate cleanup required. Review and tighten housekeeping inspection schedule.,Logged during scheduled safety walk,Medium,2,0,IMG_0397.jpg
OBS-0398,1,1,3,2024-08-12,13:54,Electrical panel door left open and unattended in live area,Isolate circuit immediately. No re-energization until inspected and cleared by qualified electrician.,Reported by shift supervisor,Critical,3,1,IMG_0398.jpg
OBS-0399,2,4,9,2024-07-22,09:13,Stack emission visibly abnormal — not reported to control room,Contain and isolate. Initiate environmental incident protocol and report to HSE officer.,Reported by shift supervisor,Low,2,0,IMG_0399.jpg
OBS-0400,8,19,8,2024-11-16,06:59,Equipment operating beyond design pressure limits,Restore interlock to operational state. Initiate full management of change process.,Logged during scheduled safety walk,Medium,4,0,IMG_0400.jpg
OBS-0401,8,18,10,2025-06-02,06:11,First aid kit contents found expired during routine check,Update all emergency materials. Schedule emergency preparedness drill within 30 days.,Reported by shift supervisor,Low,2,0,IMG_0401.jpg
OBS-0402,1,1,4,2025-04-27,08:48,Corroded bolts observed on critical flange joint,Raise work order for immediate inspection. Take equipment out of service if required.,Reported by shift supervisor,Medium,2,0,IMG_0402.jpg
OBS-0403,2,3,5,2024-09-22,15:15,Smoke detector coverage gap identified in storage room,Clear obstruction immediately. Conduct full fire safety compliance walk of the unit.,Logged during scheduled safety walk,Medium,2,0,IMG_0403.jpg
OBS-0404,8,18,6,2025-01-13,18:47,Ladder used beyond rated height without secondary anchor point,Issue stop-work order. Provide and verify proper fall protection before resuming at height.,Logged during scheduled safety walk,Low,4,0,IMG_0404.jpg
OBS-0405,2,3,9,2024-12-25,06:06,Minor hydrocarbon sheen observed near stormwater drain,Contain and isolate. Initiate environmental incident protocol and report to HSE officer.,Logged during scheduled safety walk,Medium,1,0,IMG_0405.jpg
OBS-0406,5,11,10,2025-05-11,15:25,First aid kit contents found expired during routine check,Update all emergency materials. Schedule emergency preparedness drill within 30 days.,Reported by shift supervisor,Low,3,0,IMG_0406.jpg
OBS-0407,1,1,5,2025-02-16,13:14,Smoke detector coverage gap identified in storage room,Clear obstruction immediately. Conduct full fire safety compliance walk of the unit.,Reported by shift supervisor,High,4,1,IMG_0407.jpg
OBS-0408,3,6,10,2025-06-04,12:05,First aid kit contents found expired during routine check,Update all emergency materials. Schedule emergency preparedness drill within 30 days.,Reported by shift supervisor,Low,2,0,IMG_0408.jpg
OBS-0409,4,8,2,2024-08-12,10:09,Tools left unsecured on elevated platform above active work area,Immediate cleanup required. Review and tighten housekeeping inspection schedule.,Logged during scheduled safety walk,Medium,2,0,IMG_0409.jpg
OBS-0410,2,5,7,2024-12-10,11:06,SDS not available at point of use for newly introduced chemical,Label and segregate immediately. Conduct chemical inventory audit for this zone.,Reported by shift supervisor,High,2,1,IMG_0410.jpg
OBS-0411,6,12,5,2024-08-22,08:05,Smoke detector coverage gap identified in storage room,Clear obstruction immediately. Conduct full fire safety compliance walk of the unit.,Logged during scheduled safety walk,Low,1,0,IMG_0411.jpg
OBS-0412,8,18,9,2025-03-20,12:06,Solid waste disposed in non-designated area near bund,Contain and isolate. Initiate environmental incident protocol and report to HSE officer.,Logged during scheduled safety walk,Medium,2,0,IMG_0412.jpg
OBS-0413,8,18,2,2025-05-02,15:50,Waste accumulated near emergency exit — blocking egress route,Immediate cleanup required. Review and tighten housekeeping inspection schedule.,Logged during scheduled safety walk,Medium,4,0,IMG_0413.jpg
OBS-0414,1,1,5,2025-01-28,12:49,Hot work permit expired before task completion,Clear obstruction immediately. Conduct full fire safety compliance walk of the unit.,Logged during scheduled safety walk,Medium,2,0,IMG_0414.jpg
OBS-0415,4,8,10,2025-03-24,08:43,Emergency assembly point signage obscured by stored materials,Update all emergency materials. Schedule emergency preparedness drill within 30 days.,Logged during scheduled safety walk,Low,2,0,IMG_0415.jpg
OBS-0416,4,9,5,2024-11-15,13:09,Smoke detector coverage gap identified in storage room,Clear obstruction immediately. Conduct full fire safety compliance walk of the unit.,Logged during scheduled safety walk,High,2,1,IMG_0416.jpg
OBS-0417,5,10,8,2024-08-09,11:16,Equipment operating beyond design pressure limits,Restore interlock to operational state. Initiate full management of change process.,Reported by shift supervisor,High,1,0,IMG_0417.jpg
OBS-0418,3,7,8,2024-08-24,08:19,Equipment operating beyond design pressure limits,Restore interlock to operational state. Initiate full management of change process.,Logged during scheduled safety walk,Medium,2,0,IMG_0418.jpg
OBS-0419,5,11,10,2025-01-11,18:55,First aid kit contents found expired during routine check,Update all emergency materials. Schedule emergency preparedness drill within 30 days.,Logged during scheduled safety walk,Low,2,0,IMG_0419.jpg
OBS-0420,7,14,10,2024-09-08,10:20,Emergency contact list outdated on safety notice board,Update all emergency materials. Schedule emergency preparedness drill within 30 days.,Logged during scheduled safety walk,Medium,2,0,IMG_0420.jpg
OBS-0421,3,7,8,2024-12-08,08:25,Process deviation not logged within required timeframe,Restore interlock to operational state. Initiate full management of change process.,Logged during scheduled safety walk,Critical,2,0,IMG_0421.jpg
OBS-0422,7,16,10,2024-11-02,11:24,First aid kit contents found expired during routine check,Update all emergency materials. Schedule emergency preparedness drill within 30 days.,Reported by shift supervisor,High,4,1,IMG_0422.jpg
OBS-0423,2,4,10,2024-10-11,15:34,Emergency assembly point signage obscured by stored materials,Update all emergency materials. Schedule emergency preparedness drill within 30 days.,Reported by shift supervisor,High,2,1,IMG_0423.jpg
OBS-0424,7,15,4,2025-02-10,18:18,Corroded bolts observed on critical flange joint,Raise work order for immediate inspection. Take equipment out of service if required.,Logged during scheduled safety walk,High,4,0,IMG_0424.jpg
OBS-0425,7,16,3,2025-05-21,10:15,Exposed wiring on junction box — protective covers missing,Isolate circuit immediately. No re-energization until inspected and cleared by qualified electrician.,Logged during scheduled safety walk,Medium,2,0,IMG_0425.jpg
OBS-0426,7,14,7,2024-08-07,13:38,Improper disposal of chemical waste observed near drain,Label and segregate immediately. Conduct chemical inventory audit for this zone.,Logged during scheduled safety walk,High,3,1,IMG_0426.jpg
OBS-0427,7,14,9,2024-07-19,18:23,Stack emission visibly abnormal — not reported to control room,Contain and isolate. Initiate environmental incident protocol and report to HSE officer.,Reported by shift supervisor,High,3,0,IMG_0427.jpg
OBS-0428,2,3,2,2024-11-05,16:42,Oil spill on walkway not cleaned within acceptable timeframe,Immediate cleanup required. Review and tighten housekeeping inspection schedule.,Logged during scheduled safety walk,High,1,1,IMG_0428.jpg
OBS-0429,8,19,7,2024-12-17,18:27,Chemical container unlabeled in secondary storage area,Label and segregate immediately. Conduct chemical inventory audit for this zone.,Logged during scheduled safety walk,Critical,2,1,IMG_0429.jpg
OBS-0430,8,17,9,2025-04-12,15:44,Solid waste disposed in non-designated area near bund,Contain and isolate. Initiate environmental incident protocol and report to HSE officer.,Logged during scheduled safety walk,Medium,1,0,IMG_0430.jpg
OBS-0431,6,12,7,2025-02-23,18:43,Improper disposal of chemical waste observed near drain,Label and segregate immediately. Conduct chemical inventory audit for this zone.,Logged during scheduled safety walk,Low,2,0,IMG_0431.jpg
OBS-0432,2,5,6,2024-07-13,13:06,Worker observed at height without full body harness,Issue stop-work order. Provide and verify proper fall protection before resuming at height.,Logged during scheduled safety walk,Medium,2,0,IMG_0432.jpg
OBS-0433,2,4,3,2024-12-26,10:21,Exposed wiring on junction box — protective covers missing,Isolate circuit immediately. No re-energization until inspected and cleared by qualified electrician.,Logged during scheduled safety walk,Medium,2,0,IMG_0433.jpg
OBS-0434,8,17,8,2024-12-26,13:06,Equipment operating beyond design pressure limits,Restore interlock to operational state. Initiate full management of change process.,Logged during scheduled safety walk,High,1,1,IMG_0434.jpg
OBS-0435,2,3,5,2024-07-23,18:45,Smoke detector coverage gap identified in storage room,Clear obstruction immediately. Conduct full fire safety compliance walk of the unit.,Logged during scheduled safety walk,Low,4,0,IMG_0435.jpg
OBS-0436,2,4,3,2024-11-02,14:11,Temporary cable crossing walkway without appropriate protection,Isolate circuit immediately. No re-energization until inspected and cleared by qualified electrician.,Logged during scheduled safety walk,Medium,2,0,IMG_0436.jpg
OBS-0437,8,18,7,2025-02-22,09:51,Chemical container unlabeled in secondary storage area,Label and segregate immediately. Conduct chemical inventory audit for this zone.,Logged during scheduled safety walk,Medium,2,0,IMG_0437.jpg
OBS-0438,3,6,7,2025-01-19,06:47,Improper disposal of chemical waste observed near drain,Label and segregate immediately. Conduct chemical inventory audit for this zone.,Logged during scheduled safety walk,Critical,1,0,IMG_0438.jpg
OBS-0439,7,14,7,2024-07-03,17:13,Improper disposal of chemical waste observed near drain,Label and segregate immediately. Conduct chemical inventory audit for this zone.,Logged during scheduled safety walk,Low,2,0,IMG_0439.jpg
OBS-0440,2,3,10,2024-08-22,18:55,Emergency assembly point signage obscured by stored materials,Update all emergency materials. Schedule emergency preparedness drill within 30 days.,Logged during scheduled safety walk,Critical,1,1,IMG_0440.jpg
OBS-0441,7,15,2,2024-11-12,16:55,Waste accumulated near emergency exit — blocking egress route,Immediate cleanup required. Review and tighten housekeeping inspection schedule.,Reported by shift supervisor,High,2,1,IMG_0441.jpg
OBS-0442,6,13,10,2025-01-17,15:07,Emergency contact list outdated on safety notice board,Update all emergency materials. Schedule emergency preparedness drill within 30 days.,Reported by shift supervisor,Critical,1,1,IMG_0442.jpg
OBS-0443,3,6,5,2025-05-11,15:05,Smoke detector coverage gap identified in storage room,Clear obstruction immediately. Conduct full fire safety compliance walk of the unit.,Logged during scheduled safety walk,Low,2,0,IMG_0443.jpg
OBS-0444,2,4,4,2024-12-04,07:11,Pressure relief valve past scheduled inspection date,Raise work order for immediate inspection. Take equipment out of service if required.,Logged during scheduled safety walk,Medium,2,0,IMG_0444.jpg
OBS-0445,8,17,7,2025-01-31,15:08,SDS not available at point of use for newly introduced chemical,Label and segregate immediately. Conduct chemical inventory audit for this zone.,Logged during scheduled safety walk,High,1,1,IMG_0445.jpg
OBS-0446,8,18,3,2025-04-11,08:31,Exposed wiring on junction box — protective covers missing,Isolate circuit immediately. No re-energization until inspected and cleared by qualified electrician.,Logged during scheduled safety walk,Low,3,0,IMG_0446.jpg
OBS-0447,5,11,8,2025-05-14,06:55,Safety interlock bypassed without management of change approval,Restore interlock to operational state. Initiate full management of change process.,Logged during scheduled safety walk,Low,2,0,IMG_0447.jpg
OBS-0448,7,16,3,2024-10-08,12:35,Temporary cable crossing walkway without appropriate protection,Isolate circuit immediately. No re-energization until inspected and cleared by qualified electrician.,Logged during scheduled safety walk,Medium,2,0,IMG_0448.jpg
OBS-0449,7,14,8,2025-01-29,17:53,Safety interlock bypassed without management of change approval,Restore interlock to operational state. Initiate full management of change process.,Logged during scheduled safety walk,Medium,3,0,IMG_0449.jpg
OBS-0450,2,3,10,2024-07-16,18:48,Emergency assembly point signage obscured by stored materials,Update all emergency materials. Schedule emergency preparedness drill within 30 days.,Logged during scheduled safety walk,Critical,1,1,IMG_0450.jpg
OBS-0451,8,18,5,2024-09-25,18:29,Smoke detector coverage gap identified in storage room,Clear obstruction immediately. Conduct full fire safety compliance walk of the unit.,Reported by shift supervisor,High,1,1,IMG_0451.jpg
OBS-0452,8,18,9,2024-08-27,15:07,Solid waste disposed in non-designated area near bund,Contain and isolate. Initiate environmental incident protocol and report to HSE officer.,Logged during scheduled safety walk,High,2,1,IMG_0452.jpg
OBS-0453,8,18,1,2025-02-11,14:13,Worker observed without safety helmet in designated hard hat area,Issue corrective notice. Re-train personnel on mandatory PPE requirements for this zone.,Reported by shift supervisor,Medium,3,0,IMG_0453.jpg
OBS-0454,4,8,5,2024-07-17,13:16,Fire extinguisher obstructed — not accessible within 5 seconds,Clear obstruction immediately. Conduct full fire safety compliance walk of the unit.,Logged during scheduled safety walk,Low,2,0,IMG_0454.jpg
OBS-0455,7,15,2,2024-10-30,09:51,Tools left unsecured on elevated platform above active work area,Immediate cleanup required. Review and tighten housekeeping inspection schedule.,Reported by shift supervisor,Medium,2,0,IMG_0455.jpg
OBS-0456,6,12,10,2025-05-20,12:10,Emergency assembly point signage obscured by stored materials,Update all emergency materials. Schedule emergency preparedness drill within 30 days.,Logged during scheduled safety walk,Medium,2,0,IMG_0456.jpg
OBS-0457,3,7,1,2025-04-18,11:34,No high-visibility vest during vehicle movement area crossing,Issue corrective notice. Re-train personnel on mandatory PPE requirements for this zone.,Logged during scheduled safety walk,Medium,2,0,IMG_0457.jpg
OBS-0458,3,6,6,2025-06-26,10:18,Ladder used beyond rated height without secondary anchor point,Issue stop-work order. Provide and verify proper fall protection before resuming at height.,Logged during scheduled safety walk,Medium,2,0,IMG_0458.jpg
OBS-0459,2,4,3,2025-01-27,06:17,Exposed wiring on junction box — protective covers missing,Isolate circuit immediately. No re-energization until inspected and cleared by qualified electrician.,Reported by shift supervisor,Medium,4,0,IMG_0459.jpg
OBS-0460,2,5,4,2024-09-13,17:20,Pump coupling guard missing during active equipment operation,Raise work order for immediate inspection. Take equipment out of service if required.,Reported by shift supervisor,Low,1,0,IMG_0460.jpg
OBS-0461,6,13,8,2024-09-11,15:40,Equipment operating beyond design pressure limits,Restore interlock to operational state. Initiate full management of change process.,Logged during scheduled safety walk,Low,2,0,IMG_0461.jpg
OBS-0462,6,13,8,2024-08-08,16:50,Safety interlock bypassed without management of change approval,Restore interlock to operational state. Initiate full management of change process.,Reported by shift supervisor,Low,3,0,IMG_0462.jpg
OBS-0463,6,13,9,2024-11-20,17:59,Solid waste disposed in non-designated area near bund,Contain and isolate. Initiate environmental incident protocol and report to HSE officer.,Reported by shift supervisor,Medium,1,0,IMG_0463.jpg
OBS-0464,7,16,6,2025-04-24,06:55,Ladder used beyond rated height without secondary anchor point,Issue stop-work order. Provide and verify proper fall protection before resuming at height.,Reported by shift supervisor,Medium,2,0,IMG_0464.jpg
OBS-0465,2,3,8,2025-05-22,16:44,Safety interlock bypassed without management of change approval,Restore interlock to operational state. Initiate full management of change process.,Logged during scheduled safety walk,Medium,2,0,IMG_0465.jpg
OBS-0466,8,18,7,2024-10-20,12:52,SDS not available at point of use for newly introduced chemical,Label and segregate immediately. Conduct chemical inventory audit for this zone.,Logged during scheduled safety walk,High,3,1,IMG_0466.jpg
OBS-0467,5,11,9,2025-04-22,08:36,Solid waste disposed in non-designated area near bund,Contain and isolate. Initiate environmental incident protocol and report to HSE officer.,Reported by shift supervisor,Low,2,0,IMG_0467.jpg
OBS-0468,1,2,1,2024-08-20,16:50,Worker observed without safety helmet in designated hard hat area,Issue corrective notice. Re-train personnel on mandatory PPE requirements for this zone.,Logged during scheduled safety walk,High,1,0,IMG_0468.jpg
OBS-0469,7,15,8,2024-07-01,12:12,Process deviation not logged within required timeframe,Restore interlock to operational state. Initiate full management of change process.,Reported by shift supervisor,Critical,4,0,IMG_0469.jpg
OBS-0470,5,10,3,2024-11-18,07:41,Electrical panel door left open and unattended in live area,Isolate circuit immediately. No re-energization until inspected and cleared by qualified electrician.,Logged during scheduled safety walk,High,2,1,IMG_0470.jpg
OBS-0471,3,6,1,2025-01-19,16:19,Worker observed without safety helmet in designated hard hat area,Issue corrective notice. Re-train personnel on mandatory PPE requirements for this zone.,Reported by shift supervisor,Medium,2,0,IMG_0471.jpg
OBS-0472,7,14,2,2025-06-26,07:00,Oil spill on walkway not cleaned within acceptable timeframe,Immediate cleanup required. Review and tighten housekeeping inspection schedule.,Logged during scheduled safety walk,Medium,3,0,IMG_0472.jpg
OBS-0473,2,5,10,2024-10-24,14:43,First aid kit contents found expired during routine check,Update all emergency materials. Schedule emergency preparedness drill within 30 days.,Logged during scheduled safety walk,High,1,1,IMG_0473.jpg
OBS-0474,2,4,7,2025-06-21,08:30,Improper disposal of chemical waste observed near drain,Label and segregate immediately. Conduct chemical inventory audit for this zone.,Logged during scheduled safety walk,High,4,1,IMG_0474.jpg
OBS-0475,2,4,2,2024-12-08,11:56,Waste accumulated near emergency exit — blocking egress route,Immediate cleanup required. Review and tighten housekeeping inspection schedule.,Logged during scheduled safety walk,Low,2,0,IMG_0475.jpg
OBS-0476,2,5,3,2024-08-05,14:36,Electrical panel door left open and unattended in live area,Isolate circuit immediately. No re-energization until inspected and cleared by qualified electrician.,Logged during scheduled safety walk,Medium,2,0,IMG_0476.jpg
OBS-0477,3,6,8,2024-12-27,17:13,Equipment operating beyond design pressure limits,Restore interlock to operational state. Initiate full management of change process.,Logged during scheduled safety walk,High,4,0,IMG_0477.jpg
OBS-0478,7,15,4,2024-08-14,07:08,Pump coupling guard missing during active equipment operation,Raise work order for immediate inspection. Take equipment out of service if required.,Reported by shift supervisor,Medium,2,0,IMG_0478.jpg
OBS-0479,6,13,6,2025-02-05,11:50,Scaffolding toe board missing on third level platform,Issue stop-work order. Provide and verify proper fall protection before resuming at height.,Logged during scheduled safety walk,Medium,1,0,IMG_0479.jpg
OBS-0480,2,3,4,2025-04-10,15:38,Pump coupling guard missing during active equipment operation,Raise work order for immediate inspection. Take equipment out of service if required.,Logged during scheduled safety walk,High,3,0,IMG_0480.jpg
OBS-0481,1,1,5,2024-10-14,14:38,Smoke detector coverage gap identified in storage room,Clear obstruction immediately. Conduct full fire safety compliance walk of the unit.,Reported by shift supervisor,High,2,1,IMG_0481.jpg
OBS-0482,1,2,4,2025-03-11,12:07,Pressure relief valve past scheduled inspection date,Raise work order for immediate inspection. Take equipment out of service if required.,Logged during scheduled safety walk,High,2,1,IMG_0482.jpg
OBS-0483,8,17,1,2025-01-01,11:08,No high-visibility vest during vehicle movement area crossing,Issue corrective notice. Re-train personnel on mandatory PPE requirements for this zone.,Logged during scheduled safety walk,Medium,2,0,IMG_0483.jpg
OBS-0484,7,14,6,2025-04-06,16:11,Worker observed at height without full body harness,Issue stop-work order. Provide and verify proper fall protection before resuming at height.,Reported by shift supervisor,Low,2,0,IMG_0484.jpg
OBS-0485,1,1,10,2024-08-04,06:16,Emergency assembly point signage obscured by stored materials,Update all emergency materials. Schedule emergency preparedness drill within 30 days.,Logged during scheduled safety walk,Medium,2,0,IMG_0485.jpg
OBS-0486,6,13,9,2024-11-24,16:45,Solid waste disposed in non-designated area near bund,Contain and isolate. Initiate environmental incident protocol and report to HSE officer.,Logged during scheduled safety walk,Medium,4,0,IMG_0486.jpg
OBS-0487,7,14,7,2024-08-12,16:34,Chemical container unlabeled in secondary storage area,Label and segregate immediately. Conduct chemical inventory audit for this zone.,Logged during scheduled safety walk,Low,2,0,IMG_0487.jpg
OBS-0488,4,9,2,2024-12-06,07:32,Oil spill on walkway not cleaned within acceptable timeframe,Immediate cleanup required. Review and tighten housekeeping inspection schedule.,Reported by shift supervisor,Critical,1,0,IMG_0488.jpg
OBS-0489,8,18,6,2025-01-17,15:40,Ladder used beyond rated height without secondary anchor point,Issue stop-work order. Provide and verify proper fall protection before resuming at height.,Reported by shift supervisor,Medium,1,0,IMG_0489.jpg
OBS-0490,2,3,5,2025-06-23,12:46,Fire extinguisher obstructed — not accessible within 5 seconds,Clear obstruction immediately. Conduct full fire safety compliance walk of the unit.,Reported by shift supervisor,Medium,2,0,IMG_0490.jpg
OBS-0491,1,2,4,2024-08-14,12:07,Pump coupling guard missing during active equipment operation,Raise work order for immediate inspection. Take equipment out of service if required.,Logged during scheduled safety walk,Medium,3,0,IMG_0491.jpg
OBS-0492,1,2,5,2025-06-07,17:42,Hot work permit expired before task completion,Clear obstruction immediately. Conduct full fire safety compliance walk of the unit.,Logged during scheduled safety walk,High,1,0,IMG_0492.jpg
OBS-0493,2,5,1,2024-09-22,13:22,No high-visibility vest during vehicle movement area crossing,Issue corrective notice. Re-train personnel on mandatory PPE requirements for this zone.,Logged during scheduled safety walk,Low,2,0,IMG_0493.jpg
OBS-0494,4,9,3,2025-01-07,08:47,Temporary cable crossing walkway without appropriate protection,Isolate circuit immediately. No re-energization until inspected and cleared by qualified electrician.,Reported by shift supervisor,Medium,2,0,IMG_0494.jpg
OBS-0495,2,4,1,2024-12-19,18:27,No high-visibility vest during vehicle movement area crossing,Issue corrective notice. Re-train personnel on mandatory PPE requirements for this zone.,Logged during scheduled safety walk,High,3,1,IMG_0495.jpg
OBS-0496,8,19,2,2025-03-12,13:32,Waste accumulated near emergency exit — blocking egress route,Immediate cleanup required. Review and tighten housekeeping inspection schedule.,Logged during scheduled safety walk,Low,2,0,IMG_0496.jpg
OBS-0497,8,19,3,2025-01-05,08:16,Electrical panel door left open and unattended in live area,Isolate circuit immediately. No re-energization until inspected and cleared by qualified electrician.,Reported by shift supervisor,Medium,2,0,IMG_0497.jpg
OBS-0498,2,4,4,2025-03-18,06:02,Pressure relief valve past scheduled inspection date,Raise work order for immediate inspection. Take equipment out of service if required.,Reported by shift supervisor,Medium,1,0,IMG_0498.jpg
OBS-0499,4,8,1,2025-02-27,11:24,Worker observed without safety helmet in designated hard hat area,Issue corrective notice. Re-train personnel on mandatory PPE requirements for this zone.,Reported by shift supervisor,Low,1,0,IMG_0499.jpg
OBS-0500,1,2,9,2025-06-01,12:14,Solid waste disposed in non-designated area near bund,Contain and isolate. Initiate environmental incident protocol and report to HSE officer.,Logged during scheduled safety walk,Low,2,0,IMG_0500.jpg
